gene_id,SRR11650120,SRR11650126,SRR11650130,SRR11650134,SRR11650142,SRR22458652,SRR26403890,SRR26403902,SRR26403904,SRR28408365
CYB5A|CYB5A,5009,294,1914,1407,533,58,264,705,493,177
BCL2|BCL2,64,304,423,353,262,34,252,163,152,211
PPIAP1|PPIAP1,57,99,138,57,79,8,32,36,9,18
CDH20|CDH20,16,0,31,36,31,0,0,18,8,2
PMAIP1|PMAIP1,98,216,765,392,328,11,553,199,115,390
SEC11C|SEC11C,12219,5811,12897,10242,6812,628,4685,9920,6814,2730
TCF4|TCF4,247,773,751,984,808,99,654,608,778,191
CUPIN1|CUPIN1,5,0,0,0,0,0,0,14,0,8
VNN1|VNN1,23,107,76,106,61,9,0,93,76,7
TBPL1|TBPL1,491,677,1107,686,743,43,374,790,772,842
UTRN|UTRN,11353,34704,32381,25808,43482,2255,29277,27120,31123,2396
PPIL4|PPIL4,2337,1899,3004,3067,2292,173,710,2085,1483,1624
LATS1|LATS1,382,1045,1456,755,939,58,319,721,475,450
ESR1|ESR1,38,33,0,42,21,0,0,20,0,0
OPRM1|OPRM1,0,15,0,9,22,0,0,8,26,0
EZR|EZR,2752,7797,12529,6217,6398,1752,8416,8303,8607,20519
MIR1836|MIR1836,3,2,2,0,1,2,2,2,3,5
IGF2R|IGF2R,3606,6428,5508,4926,7268,312,8234,2628,3423,5894
QKI|QKI,2501,3464,4614,3600,5137,210,1566,1500,1767,2783
SMOC2|SMOC2,2,6,0,0,0,0,0,0,0,0
PLN|PLN,62,127,62,72,174,8,0,212,137,0
TRDN|TRDN,0,0,0,0,0,0,0,0,0,8
ARHGAP18|ARHGAP18,1430,1602,2645,1922,1952,87,836,950,750,1052
MIR27B|MIR27B,3,3,5,3,7,1,8,2,2,6
MIR23B|MIR23B,1,8,3,2,9,1,1,1,0,2
DAPK1|DAPK1,362,728,704,522,731,80,1094,346,428,2111
HNRNPK|HNRNPK,24470,17699,24249,22852,16767,1300,8564,12292,12274,27184
MIR7-1|MIR7-1,12,24,25,27,43,2,11,31,21,38
GNAQ|GNAQ,634,1376,1153,1373,1810,138,1815,810,858,758
ANXA1|ANXA1,8808,19399,37746,17662,13325,962,11501,19114,18382,15774
ALDH1A1|ALDH1A1,14,97,82,86,46,4,0,80,56,71
TJP2|TJP2,374,598,590,358,558,24,349,458,336,449
FXN|FXN,38,68,210,94,103,10,56,122,106,76
CBWD1|CBWD1,2417,958,2011,1541,1415,198,597,1729,1217,1087
VLDLR|VLDLR,50,370,152,363,298,9,58,58,55,281
RLN2|RLN2,36,21,83,35,69,7,31,32,7,231
CD274|CD274,168,51,99,57,69,9,81,87,125,12098
MIRLET7D|MIRLET7D,6,7,12,13,22,3,30,26,16,12
MIRLET7F|MIRLET7F,2,4,0,5,8,0,0,8,4,2
MIR8893|MIR8893,2,4,2,6,3,1,0,6,2,1
UBE2S|UBE2S,1251,512,832,644,435,31,395,743,649,630
TNNI3|TNNI3,261,0,0,35,5,0,0,0,0,0
NCR1|NCR1,11,18,48,49,90,0,49,102,93,52
PRPF31|PRPF31,662,1238,1532,1200,994,87,777,645,668,948
MIR371|MIR371,19,25,23,25,28,3,125,60,63,5
ZNF331|ZNF331,110,820,807,565,625,49,278,863,484,406
MIR8891|MIR8891,1,9,2,1,9,0,8,18,12,1
LOC102154339|LOC102154339,0,0,0,0,0,0,0,0,0,0
MIR150|MIR150,1,3,4,3,0,0,7,1,2,0
RPS11|RPS11,37797,36531,60029,47852,33165,2953,17812,47120,22639,15866
RPL13A|RPL13A,29434,41181,57064,55031,34489,3633,25657,66080,37064,33323
FLT3LG|FLT3LG,30,234,186,143,150,21,116,85,43,251
DHDH|DHDH,148,84,147,115,71,10,110,77,55,549
HSD17B14|HSD17B14,673,338,451,954,214,36,487,71,43,74
FTL|FTL,206870,16256,72133,87882,25735,5080,143164,95216,90449,328470
BAX|BAX,295,246,333,268,216,18,231,81,138,1427
RPL18|RPL18,10582,20106,30050,30883,23416,1326,23014,24703,17295,7103
SELENOW|SELENOW,54,86,63,64,81,198,1651,255,311,1073
C5AR1|C5AR1,827,1739,1536,2029,2006,447,6438,1510,2488,3674
ARHGAP35|ARHGAP35,803,1415,702,902,1535,149,1337,1440,1603,641
SLC1A5|SLC1A5,264,137,144,143,97,45,481,123,194,1156
SNRPD2|SNRPD2,2716,1009,1958,2640,1070,303,1960,4627,2367,1261
VASP|VASP,1581,4537,4947,4486,5075,766,6046,2002,2588,19463
FOSB|FOSB,7,21,0,0,13,3,0,35,16,30
APOC1|APOC1,104,0,35,85,185,0,0,0,18,10
CEACAM16|CEACAM16,3,0,0,0,0,0,0,0,0,21
LOC476445|LOC476445,9,22,24,19,22,7,185,28,44,115
XRCC1|XRCC1,586,586,894,635,454,22,294,254,186,256
CEACAM23|CEACAM23,909,1715,1302,889,2183,60,988,408,1252,58
CEACAM28|CEACAM28,3869,10780,12643,15988,16434,1089,9275,4364,8622,151
CAECAM1|CAECAM1,4,5,1,1,5,1,3,2,9,1
CEACAM30|CEACAM30,1351,4777,10,23,6186,12,948,24,1884,27
CEACAM1|CEACAM1,1557,4354,2877,2293,5843,164,1204,628,1209,355
RABAC1|RABAC1,322,773,1063,851,637,75,1432,1731,1318,1281
CD79A|CD79A,40,203,121,166,93,105,685,301,283,926
TGFB1|TGFB1,92,396,281,286,316,76,1289,301,205,1458
CYP2B6|CYP2B6,0,0,0,0,0,0,0,0,0,0
RAB4B|RAB4B,414,1091,1130,802,981,86,634,441,380,1248
AKT2|AKT2,748,677,671,696,577,64,758,353,297,925
LGALS4|LGALS4,0,29,34,23,0,6,52,16,36,0
SPINT2|SPINT2,162,526,610,634,466,46,570,640,801,734
TYROBP|TYROBP,2957,6959,10033,9113,9599,552,4131,3919,3929,2722
PSENEN|PSENEN,1049,995,1801,1226,960,52,537,630,529,1546
FXYD1|FXYD1,0,0,0,0,0,0,0,0,15,0
SCN1B|SCN1B,0,2,21,9,19,0,0,0,0,94
RHPN2|RHPN2,32,48,90,56,34,12,60,31,62,48
PMEL|PMEL,29,86,0,37,40,18,239,142,87,70
MIP|MIP,6,0,0,0,4,4,0,5,0,23
NACA|NACA,10231,20211,25941,17371,16051,1427,6124,21513,12221,13378
TAC3|TAC3,21651,162,3107,4333,717,100,1010,1862,1274,45
STAT6|STAT6,3086,5790,7312,5949,5635,214,3225,1201,1494,2600
MIR26A-2|MIR26A-2,1,1,0,3,1,0,1,0,1,0
IFNG|IFNG,0,7,0,9,0,0,0,6,0,0
MDM2|MDM2,899,2208,2796,2266,1778,238,1053,2656,2374,3843
LYZ|LYZ,27743,65085,68236,39250,69242,1896,39964,60309,51386,1322
TPH2|TPH2,37,0,0,7,0,0,0,0,0,0
ARSA|ARSA,259,490,521,393,418,65,969,214,273,509
SELENOO|SELENOO,179,657,967,464,523,56,608,477,390,353
PPARA|PPARA,0,0,0,0,0,2,0,0,0,0
MIR1249|MIR1249,2,11,10,0,5,1,10,28,4,4
ARHGAP8|ARHGAP8,0,0,0,0,0,0,0,0,0,0
PRR5|PRR5,26,209,255,203,141,33,187,237,204,110
CYB5R3|CYB5R3,243,133,58,155,100,19,423,123,99,208
MIR8829|MIR8829,2,2,0,0,0,1,22,2,2,3
CYP2D15|CYP2D15,12,42,23,0,39,5,0,19,22,8
ST13|ST13,2651,1653,2323,1951,1723,274,1081,2010,1438,6669
PDGFB|PDGFB,7,13,47,0,10,0,21,20,24,123
RPL3|RPL3,10028,18329,25663,17116,14582,1480,15178,27733,19591,13346
APOBEC3Z3|APOBEC3Z3,61,328,542,245,226,25,113,96,78,267
APOBEC3Z1|APOBEC3Z1,11,0,14,181,0,2,0,19,470,683
EIF3L|EIF3L,1526,2662,3776,2791,2774,281,2780,2392,2369,2868
LGALS1|LGALS1,33991,5258,7268,7401,3788,301,4268,8420,6398,2238
MIR1835|MIR1835,3,14,6,7,17,1,15,14,8,1
IL2RB|IL2RB,20,339,272,189,236,154,1174,491,282,4504
MYH9|MYH9,20453,51797,37881,44416,40218,3732,78394,14285,13473,24118
HMOX1|HMOX1,394,240,284,229,243,23,341,172,159,10442
TIMP3|TIMP3,147,23,25,35,25,8,159,17,9,0
TXNRD1|TXNRD1,6618,7326,11895,7758,8238,526,5673,4638,7618,52711
RFX8|RFX8,13,0,0,0,13,0,0,0,0,0
RPL31|RPL31,10854,9653,20680,19751,13306,2609,12527,38197,26203,7578
COX5B|COX5B,2150,823,1359,896,726,64,549,1098,1107,403
THADA|THADA,1519,2329,1815,1989,2099,188,1857,3270,2331,407
SLC3A1|SLC3A1,456,262,388,398,394,19,492,560,773,100
STON1|STON1,46,436,455,312,235,28,166,378,178,135
ASB3|ASB3,6485,2233,7668,8233,4206,497,2984,5176,3937,868
RPS27A|RPS27A,2086,4928,6076,4933,4132,1050,5265,19060,11339,9954
COMMD1|COMMD1,4110,1043,1937,1555,1304,65,681,1233,1182,633
RAB1A|RAB1A,1631,2329,2947,2638,2398,147,1566,1706,1988,8159
PLEK|PLEK,10597,9392,18760,15419,14708,685,14623,10615,9515,59711
ANXA4|ANXA4,447,701,567,566,406,25,205,779,811,342
SNRPG|SNRPG,379,1393,1493,1169,1120,114,236,2242,1580,505
LOC606863|LOC606863,310,454,808,462,214,51,753,1539,1181,3399
IFGGC1|IFGGC1,1481,2644,8773,2285,1345,109,744,5083,3714,16345
IFGGB2|IFGGB2,1030,3102,10014,3045,1786,242,987,6410,3358,9022
MIR340|MIR340,3,10,3,5,13,2,15,15,13,0
CANX|CANX,19168,16832,33433,23280,17828,1215,7057,9934,10268,26700
TICAM2|TICAM2,123,107,195,133,135,9,212,68,111,173
TMED7|TMED7,1355,3250,4599,3142,2953,256,1013,2598,3078,2951
IL5|IL5,30,10,0,16,19,0,0,20,17,22
IL4|IL4,0,0,0,0,0,0,0,0,3,0
GDF9|GDF9,14,12,23,9,28,0,0,32,30,27
HSPA4|HSPA4,5069,5297,8619,6539,4939,409,2040,4479,3544,4552
SKP1|SKP1,11092,3244,5921,8184,3713,354,1508,7584,3963,3743
PPP2CA|PPP2CA,1067,1872,2797,2137,2006,227,1865,3313,2986,8110
SLBP2|SLBP2,10,0,0,0,0,0,0,0,0,0
ETF1|ETF1,2217,1906,2638,1910,1780,134,678,1644,1640,9178
MATR3|MATR3,5258,14103,18240,14890,12409,936,3985,17168,11458,17103
MLANA|MLANA,0,0,0,0,0,0,0,0,0,0
IL33|IL33,4,0,0,0,0,0,0,14,20,102
TYRP1|TYRP1,0,0,0,0,0,0,0,0,0,0
RPS6|RPS6,33930,40590,67519,56985,36293,3599,21225,46508,29864,20035
IFNA8|IFNA8,4,0,0,0,0,1,0,4,0,0
IFNA6|IFNA6,0,0,0,0,0,0,0,0,0,0
IFNA5|IFNA5,0,0,0,0,0,0,0,0,0,0
IFNA7|IFNA7,2,0,0,0,0,3,0,1,0,0
CDKN2B|CDKN2B,32,79,32,35,81,3,33,35,25,62
MIR872|MIR872,1,1,0,0,1,1,0,2,7,1
IFNK|IFNK,9,6,0,17,5,0,6,25,37,4
NDUFB6|NDUFB6,332,443,528,482,389,39,318,1222,989,359
APTX|APTX,101,101,112,107,123,14,75,215,210,307
DNAJA1|DNAJA1,1962,2304,3505,2546,2000,202,1164,4532,2843,12156
MIR207|MIR207,2,1,4,5,3,0,1,9,3,0
CNTFR|CNTFR,11,5,0,0,0,2,0,0,10,6
CCL27|CCL27,8,14,0,0,13,0,0,0,13,12
CCL19|CCL19,0,0,0,0,0,0,0,0,0,0
ARHGEF39|ARHGEF39,126,164,242,103,100,12,72,119,122,49
RECK|RECK,17,12,0,22,17,0,23,36,30,0
SEC61B|SEC61B,449,702,924,734,546,68,515,1729,1822,850
INVS|INVS,377,597,539,457,529,52,443,492,338,263
PALM2AKAP2|PALM2AKAP2,25,113,21,28,21,7,0,33,16,0
DNAJC25|DNAJC25,413,645,925,563,738,55,139,455,482,3183
GNG10|GNG10,1189,2379,2624,1782,1902,140,352,1445,1340,3159
UGCG|UGCG,1653,1110,1576,1170,1085,71,535,1265,1270,3634
HSDL2|HSDL2,1276,1841,2570,1674,1718,229,774,2161,1904,2575
SLC46A2|SLC46A2,367,552,802,389,915,33,1547,771,860,179
LOC481674|LOC481674,0,25,8,0,15,0,0,0,5,0
TNC|TNC,0,0,0,0,0,7,0,0,0,15
TLR4|TLR4,7320,7986,10964,10050,10711,533,12290,10699,17868,10624
STOM|STOM,4378,1316,5960,7575,2989,479,9223,5340,3937,5751
RPP21|RPP21,96,229,240,177,187,9,36,152,63,134
DDX39B|DDX39B,340,710,525,411,550,213,1440,950,837,1933
ATP6V1G2|ATP6V1G2,0,0,0,13,20,0,0,0,4,0
NFKBIL1|NFKBIL1,292,721,1021,623,639,14,311,326,174,572
LTA|LTA,0,20,44,25,15,0,0,0,6,29
TNF|TNF,24,284,283,178,145,6,20,36,20,2546
DLA88|DLA88,23573,49649,43278,50290,26214,1664,20554,18701,28169,66472
DLA-12|DLA-12,23095,33692,43754,34304,26756,1704,30244,12100,15331,16610
DLA-64|DLA-64,21445,32407,55844,33684,24616,2061,27966,14591,18466,24757
LTB|LTB,233,4994,3045,4168,2887,199,1134,2465,1120,1493
LY6G5C|LY6G5C,0,5,0,0,7,0,0,0,8,8
CLIC1|CLIC1,5605,5592,11071,6069,6095,488,8028,9144,8686,17458
HSP70|HSP70,4740,1199,1686,1756,1686,75,838,511,524,3333
AGER|AGER,25,76,50,29,76,7,68,21,0,36
DLA-DRA|DLA-DRA,19611,41782,50727,30167,32752,2164,21919,28356,24767,26058
HLA-DRB1|HLA-DRB1,7219,20693,20656,14821,18662,2106,24511,23298,21742,16365
DLA-DQB1|DLA-DQB1,3126,7594,7976,5695,4643,373,5974,6735,5342,5186
DLA-DOB|DLA-DOB,152,2299,1175,1420,1051,110,592,1745,1003,1049
TAP2|TAP2,997,1501,2096,1436,1117,108,1068,794,1315,3917
PSMB8|PSMB8,1630,3166,4100,2623,2261,153,1893,3368,3593,2682
TAP1|TAP1,2189,4958,6527,4056,3235,287,3575,3830,4188,13170
PSMB9|PSMB9,836,1202,2621,1775,1330,101,1400,2031,2565,1838
DLA-DMB|DLA-DMB,2368,5632,6179,3986,4641,218,4127,6358,5152,1743
DLA-DMA|DLA-DMA,677,1242,1966,958,1295,68,1124,1379,1587,695
BRD2|BRD2,1992,6745,5870,5068,5531,722,5340,3319,2994,20588
DLA-DOA|DLA-DOA,45,1230,492,610,547,71,302,691,344,701
SLC39A7|SLC39A7,1194,2785,3445,2669,2536,114,982,1138,1635,3077
RING1|RING1,687,1750,2646,1338,1596,52,453,497,433,903
VPS52|VPS52,486,1102,862,873,1091,151,1463,926,931,668
RPS18|RPS18,7066,13256,15702,12182,9459,1080,6302,18012,11641,4425
B3GALT4|B3GALT4,30,80,45,31,62,14,79,57,46,72
PFDN6|PFDN6,2075,656,1562,1722,697,62,361,1596,836,652
TAPBP|TAPBP,3817,4545,5637,5756,4309,339,4189,1508,2262,7733
BAK1|BAK1,262,376,455,350,372,18,376,241,258,277
HMGA1|HMGA1,12,46,45,53,62,24,164,70,69,1927
NUDT3|NUDT3,769,1643,1894,1434,1734,88,619,601,619,735
RPS10|RPS10,12483,14948,21378,17278,13229,1447,14644,35340,22091,8731
SNRPC|SNRPC,35,34,82,60,35,25,26,71,69,1046
FKBP1A|FKBP1A,217,344,407,221,478,117,1249,385,510,4944
PPARD|PPARD,30,80,66,36,81,12,308,34,42,313
RPL10A|RPL10A,4925,17963,21083,15620,12958,1279,8000,24136,12260,6645
MAPK14|MAPK14,6212,6158,7477,8075,7123,460,8778,6919,9449,2756
PIM1|PIM1,19693,5074,7834,12354,5563,341,5184,4475,2941,8604
TREM1|TREM1,410,1231,2052,1124,1395,105,790,663,687,16683
PRPH2|PRPH2,9,22,0,19,10,0,0,20,36,0
VEGFA|VEGFA,124,162,195,231,274,33,244,210,143,3655
SLC29A1|SLC29A1,31,153,107,230,120,40,182,44,64,448
SLC35B2|SLC35B2,34,115,137,134,92,10,65,115,110,543
SLC25A27|SLC25A27,164,181,317,146,174,12,0,227,96,40
PLA2G7|PLA2G7,8330,29496,24565,34621,30606,2234,11064,24818,32866,38817
RHAG|RHAG,8036,200,1328,1922,824,192,1512,4672,2395,0
LOC474938|LOC474938,7,0,0,5,0,0,0,0,0,13
GSTA4|GSTA4,172,497,616,408,400,39,165,484,338,165
FBXO9|FBXO9,12479,6096,9854,9441,7796,469,5089,9456,7892,3652
ADH5|ADH5,289,470,538,415,317,56,160,705,461,818
LGSN|LGSN,0,0,0,0,0,0,0,0,0,0
SMAP1|SMAP1,511,905,1054,1078,804,84,641,701,674,568
B3GAT2|B3GAT2,17,20,17,13,28,6,28,57,48,16
OOEP|OOEP,247,45,93,92,26,0,31,97,29,11
EEF1A1|EEF1A1,37441,110421,142115,91634,83010,9681,108449,231755,146712,193813
MIR8835|MIR8835,7850,407,2212,4638,958,51,329,1381,850,203
SLC35A1|SLC35A1,47,305,528,227,227,19,74,442,350,365
FIG4|FIG4,818,1810,2132,1548,1910,86,867,1341,1421,1400
MIR599|MIR599,0,4,1,0,3,0,8,10,9,0
MIR875|MIR875,3,1,2,3,4,0,1,3,11,0
AZIN1|AZIN1,5632,2847,3877,3969,3258,318,2821,6648,4568,13003
FZD6|FZD6,128,377,360,381,574,18,119,374,430,56
ZFPM2|ZFPM2,85,210,211,365,436,20,142,166,220,10
ANGPT1|ANGPT1,184,157,335,343,284,25,70,279,135,0
EBAG9|EBAG9,382,1065,1587,945,903,96,187,746,611,814
TRIB1|TRIB1,138,531,265,418,584,102,916,496,537,12943
MYC|MYC,162,700,832,460,415,85,757,443,268,669
TG|TG,158,0,32,31,0,0,0,7,0,0
NDRG1|NDRG1,770,1573,2745,1839,1732,105,1139,303,517,2189
FAM83H|FAM83H,6,137,136,83,58,8,39,46,64,56
ZNF252|ZNF252,344,1108,1024,879,966,63,577,1093,1096,584
KIT|KIT,45,81,125,161,104,0,0,32,80,32
KDR|KDR,333,308,589,557,504,32,581,288,260,25
SRP72|SRP72,1715,1623,1925,1411,1227,170,878,1601,918,2796
UGT2B31|UGT2B31,0,197,34,42,0,0,19,0,9,23
CXCL8|CXCL8,1108,1688,10609,1545,2015,196,499,2614,2446,2344318
PPBP|PPBP,20175,19933,56777,48550,48989,4367,45588,42018,45694,5825
ARF1|ARF1,3518,1281,2065,2174,1287,195,1748,1561,1061,4178
AKR1B1|AKR1B1,31,53,56,28,48,20,170,98,142,579
SLC35B4|SLC35B4,121,183,249,175,170,31,215,255,229,430
PODXL|PODXL,185,131,243,113,189,22,104,103,164,141
MIR29B-1|MIR29B-1,0,0,0,0,1,0,1,8,1,0
MIR29A|MIR29A,1,1,6,2,1,0,2,4,4,4
ABCB1|ABCB1,42,626,1873,346,489,25,203,452,215,166
COL1A2|COL1A2,0,0,0,0,0,0,0,31,7,0
PON2|PON2,1527,1475,1451,1868,1561,98,498,850,623,51
MIR8841-2|MIR8841-2,1,1,1,0,1,0,0,1,5,1
MIR8841-1|MIR8841-1,1,1,1,0,0,0,0,1,5,1
MCMBP|MCMBP,2040,5459,5510,4336,5315,293,2590,2597,3605,4051
IL6|IL6,0,0,0,0,0,0,0,0,12,4605
CYCS|CYCS,4593,825,1452,1301,646,101,204,1899,1863,3932
PLEKHA8|PLEKHA8,123,468,436,519,350,53,227,451,523,788
AQP1|AQP1,2127,94,635,464,339,21,269,459,217,39
TES|TES,1073,2163,2644,2438,1713,183,1061,1100,1043,2302
CAV2|CAV2,4,4,50,28,77,0,0,7,11,0
MET|MET,469,1377,1328,1034,1336,53,1039,827,941,21
CAPZA2|CAPZA2,3635,8244,10571,7279,7709,608,2868,10380,8695,11223
SLC2A1|SLC2A1,257,475,422,627,790,44,324,179,371,1242
COL9A2|COL9A2,50,51,0,0,21,0,0,28,16,43
PPT1|PPT1,2882,7084,11068,6211,6309,364,4101,4325,6219,5186
MYCBP|MYCBP,63,190,267,211,214,13,166,304,247,183
SMIM12|SMIM12,183,338,422,491,360,30,276,403,313,393
C22H16orf87|C22H16orf87,1309,264,351,466,288,16,81,255,170,519
MIR761|MIR761,15,10,5,8,8,1,4,19,16,7
CYP4X1|CYP4X1,0,0,0,0,0,0,0,0,2,0
AKR1A1|AKR1A1,358,614,733,397,542,43,307,528,611,558
PRDX1|PRDX1,1220,3467,3787,2749,2204,281,2121,6078,4938,10372
RPPH1|RPPH1,33290,16216,22835,26943,20459,3084,141718,244267,183563,4
APEX1|APEX1,84,432,456,362,273,28,236,238,196,506
RNASE4|RNASE4,6,60,36,52,49,0,56,63,31,10
RPGRIP1|RPGRIP1,16,28,68,0,29,0,0,0,38,25
ATP2B1|ATP2B1,5220,10268,9942,8357,12160,604,5228,9419,13933,16324
DCN|DCN,37,6,0,35,0,0,0,30,0,0
UBE2N|UBE2N,374,873,1359,766,833,50,410,1161,770,1663
MIR8837|MIR8837,1,0,6,0,0,0,0,2,0,0
PMCH|PMCH,27,5,46,59,22,0,0,46,48,0
IGF1|IGF1,0,20,0,17,57,0,0,0,16,0
HSP90B1|HSP90B1,2316,6101,4222,4896,4276,1337,3888,7088,9040,36797
GYPA|GYPA,64597,3241,19995,30689,12633,767,2998,26577,16283,31
EDNRA|EDNRA,0,0,0,0,0,0,0,0,0,0
TLR2|TLR2,2591,6546,4688,3799,8523,465,5961,5013,6577,5609
GUCY1A1|GUCY1A1,2716,1689,5387,3536,3163,159,1971,1938,1427,39
GUCY1B1|GUCY1B1,2988,82,284,320,192,26,238,246,319,12
ETFDH|ETFDH,723,1432,1582,1228,1170,70,568,1444,1370,1597
MSMO1|MSMO1,29,141,173,101,152,14,0,452,287,540
MIR8793-3|MIR8793-3,2,1,3,0,1,0,4,1,2,0
MIR8793-2|MIR8793-2,0,1,1,0,1,0,3,1,1,0
MIR8793-1|MIR8793-1,0,1,1,0,1,0,2,1,1,0
MIR8907|MIR8907,3,3,2,0,2,2,0,0,4,0
MIR8794-2|MIR8794-2,2,0,0,0,0,0,2,2,5,0
MIR8794-1|MIR8794-1,0,0,0,0,0,0,2,0,4,0
MIR8906|MIR8906,3,1,2,0,1,0,0,0,0,0
NPC1L1|NPC1L1,0,6,0,0,0,0,0,12,0,0
LOC403581|LOC403581,1335,2913,3790,2507,1907,534,2712,4087,3361,8700
MIR8853|MIR8853,3,1,1,5,1,0,0,3,1,0
CLCN1|CLCN1,35,52,62,53,94,0,0,25,51,17
CASP2|CASP2,475,521,663,690,575,46,875,572,609,411
TAS2R40|TAS2R40,16,63,18,38,88,5,23,25,39,9
TAS2R39|TAS2R39,14,35,9,28,40,2,34,10,23,0
TAS2R38|TAS2R38,8,0,4,0,12,1,0,4,10,0
TAS2R5|TAS2R5,2,16,2,0,4,3,16,5,12,0
TAS2R3|TAS2R3,3,4,0,2,20,0,0,2,6,8
SSBP1|SSBP1,376,1002,1293,861,856,63,281,752,590,858
HIPK2|HIPK2,6394,1227,2479,3843,1439,192,2832,1139,935,385
LUC7L2|LUC7L2,3204,3702,4498,3353,3359,166,726,1297,1365,4218
FMC1|FMC1,89,137,182,80,103,12,122,224,227,91
MTPN|MTPN,965,1331,1768,1639,1130,119,1382,593,544,545
SSPO|SSPO,0,57,0,22,26,25,48,23,38,0
KCNH2|KCNH2,0,23,0,0,0,0,0,41,0,26
FASTK|FASTK,118,242,260,247,187,30,311,215,242,252
MIR671|MIR671,5,8,2,4,6,2,28,21,19,30
MIR8855|MIR8855,46,0,2,0,1,0,6,0,5,0
VDAC3|VDAC3,153903,3036,26512,25069,8079,885,3445,14823,10309,1809
AP3M2|AP3M2,282,1094,665,725,598,62,845,873,679,1159
MIR8854|MIR8854,2,9,6,4,9,3,8,8,5,16
ADAM9|ADAM9,1312,1765,2190,1818,1882,134,1087,1634,2400,14974
FUT10|FUT10,49,58,69,127,70,5,39,79,71,28
MBOAT4|MBOAT4,0,20,0,0,0,0,0,21,6,3
LEPROTL1|LEPROTL1,365,636,635,768,719,70,576,1168,1061,1716
MIR8856|MIR8856,115,10,16,20,13,0,8,3,3,644
MIR8848|MIR8848,5,3,2,1,12,0,2,5,8,2
DLC1|DLC1,1189,597,735,1512,874,55,901,834,280,67
F11|F11,0,88,0,45,0,0,0,25,23,13
KLKB1|KLKB1,108,334,261,303,314,14,130,370,540,78
CASP3|CASP3,181,1187,798,1091,629,103,375,1694,1257,1134
RWDD4|RWDD4,330,1003,1615,925,819,65,275,738,593,531
SPCS3|SPCS3,595,1082,1618,1297,1120,124,518,1461,1681,2938
MCPH1|MCPH1,1037,994,1191,1095,1036,39,663,601,743,1513
ANGPT2|ANGPT2,90,327,172,277,604,20,375,317,601,68
RNASEH1|RNASEH1,301,551,776,530,466,27,107,222,237,361
ADAM17|ADAM17,1332,3147,2825,2095,2920,271,2601,2461,2360,9088
TRIB2|TRIB2,47,680,786,333,401,40,193,299,204,93
RHOB|RHOB,171,98,257,131,136,19,681,280,410,44
RAB10|RAB10,15426,3382,6031,4691,3724,226,1910,4210,3401,3659
SELENOI|SELENOI,216,323,379,405,364,32,168,636,557,316
KHK|KHK,18,82,65,50,70,0,131,54,22,30
GCKR|GCKR,12,94,32,89,169,22,62,152,55,44
MIR1837-3|MIR1837-3,2,3,3,3,2,1,3,12,2,2
MIR1837-2|MIR1837-2,2,3,3,3,2,1,3,10,2,2
MIR1837-1|MIR1837-1,1,3,3,3,2,1,3,9,2,2
MRPL33|MRPL33,445,521,615,497,512,36,156,560,604,479
PPP1CB|PPP1CB,19034,2696,5981,4365,3669,191,3070,4088,3239,4065
SRD5A2|SRD5A2,6,0,0,0,0,0,15,0,0,13
EIF2AK2|EIF2AK2,569,890,373,1607,1046,55,297,1483,3802,2223
CYP1B1|CYP1B1,7,0,0,16,9,0,0,10,0,416
CDKL4|CDKL4,0,0,0,0,0,0,0,0,0,0
SLC8A1|SLC8A1,597,443,257,319,497,11,320,395,605,229
NPHP1|NPHP1,0,41,37,0,31,0,0,28,0,0
TPC3|TPC3,0,0,0,0,0,0,0,0,0,0
IL1A|IL1A,24,44,52,33,35,0,0,49,42,14708
IL1B|IL1B,215,185,252,396,305,21,411,652,562,140394
IL1RN|IL1RN,210,339,323,313,476,200,2968,775,875,11939
CD8A|CD8A,34,1561,7269,1026,1027,49,216,423,177,850
MIR8843|MIR8843,1,0,0,1,0,0,0,2,0,2
MAT2A|MAT2A,1908,3600,4528,4575,3919,316,2631,3822,4113,4669
HTRA2|HTRA2,199,475,665,526,418,34,381,452,510,556
MIR8842|MIR8842,3,6,0,12,7,1,6,4,0,8
NRAS|NRAS,1389,2190,3542,2577,2181,149,886,2301,2000,2791
TSHB|TSHB,921,354,1384,1104,1344,62,455,577,700,42
CASQ2|CASQ2,5,25,0,0,10,0,0,12,4,0
ATP1A1|ATP1A1,3575,3928,4661,3594,5409,376,8702,2382,3365,15780
FCGR1A|FCGR1A,4283,8709,10497,10655,12252,766,10097,17704,19604,25548
MCL1|MCL1,19973,37006,41949,45439,40929,1836,15803,21505,25373,51138
CTSS|CTSS,9041,12973,14510,11872,14926,505,7714,20833,19088,215118
CTSK|CTSK,96,331,119,244,368,32,413,443,427,50184
CDC42SE1|CDC42SE1,1419,4371,5068,4583,4399,343,2203,1180,1484,2267
PIP5K1A|PIP5K1A,1346,2474,2710,2463,2359,145,1504,1725,1858,4309
PSMD4|PSMD4,4477,1444,3190,2430,1592,89,851,1669,1336,5765
RIIAD1|RIIAD1,24,13,40,0,9,0,30,22,24,0
OAZ3|OAZ3,0,12,58,0,37,10,28,14,36,0
ADORA3|ADORA3,59,736,272,879,342,36,219,256,73,2561
SEC61G|SEC61G,534,594,1056,931,620,54,437,1068,1374,1590
DLD|DLD,477,924,1022,760,693,86,382,777,744,2591
CD36|CD36,11,0,0,0,22,0,0,0,20,2083
HGF|HGF,434,312,265,216,383,24,706,696,685,0
HRAS|HRAS,36,150,161,173,96,12,92,143,111,107
MIR210|MIR210,3,0,0,0,0,0,0,0,0,0
LOC610760|LOC610760,834,905,1131,884,929,58,738,439,496,235
SLC1A2|SLC1A2,7,35,24,29,14,7,31,58,13,61
CD44|CD44,3313,6705,4858,6419,4785,759,9188,3493,3541,15385
CAT|CAT,14039,24723,35409,27833,29342,1628,14617,8220,12467,15791
CAPRIN1|CAPRIN1,5772,7761,9714,6703,6842,410,3059,4586,4778,4595
PAX6|PAX6,0,0,0,0,0,0,0,0,0,0
SELENOH|SELENOH,132,423,495,329,250,17,222,319,333,183
ZDHHC5|ZDHHC5,988,1304,1623,1155,1506,113,1560,943,831,3357
MIR130A|MIR130A,1,0,0,0,0,0,0,0,0,0
DLA-79|DLA-79,603,2801,2028,1053,1676,89,3415,2332,5896,4710
OR4S7|OR4S7,103,59,51,81,129,4,207,70,75,38
MYBPC3|MYBPC3,0,0,0,0,0,0,0,0,4,0
ARHGAP1|ARHGAP1,289,468,447,321,386,63,824,285,366,578
SLC35C1|SLC35C1,6,24,0,27,15,7,76,31,31,38
CTSD|CTSD,1651,2310,3379,2694,3205,217,3898,1286,1402,53791
IGF2|IGF2,0,0,0,0,0,2,0,0,0,0
MIR483|MIR483,0,0,0,0,0,0,0,0,0,0
MIR8859A|MIR8859A,2,2,0,0,0,1,13,0,3,1
CCND1|CCND1,80,32,8,57,48,0,15,0,36,33
CPT1A|CPT1A,809,754,413,366,330,112,1926,961,1343,4457
NDUFS8|NDUFS8,6612,1158,3044,5258,1451,98,785,1221,939,344
GSTP1|GSTP1,239,83,250,125,130,10,326,88,160,378
PPP1CA|PPP1CA,3155,5197,7782,5470,4077,379,3107,2968,3259,5616
CCS|CCS,616,681,867,617,672,39,1677,1126,1283,221
MIR8858|MIR8858,347,713,543,675,667,113,70,760,598,28
MEN1|MEN1,22,103,58,69,60,24,211,126,44,323
SLC22A12|SLC22A12,0,0,0,0,0,0,0,0,0,0
ESRRA|ESRRA,403,657,954,637,742,44,693,545,492,897
BAD|BAD,24,31,65,21,20,3,0,40,28,80
OTUB1|OTUB1,97,292,362,265,202,31,143,155,195,779
COX8A|COX8A,10658,1148,3117,3758,1246,178,2913,4757,3033,249
RTN3|RTN3,2223,3193,2329,3428,4039,585,6566,7020,4501,16490
SLC3A2|SLC3A2,307,274,234,481,356,41,3064,1082,714,7275
FTH1|FTH1,64592,11054,16089,29762,20322,4964,95754,64700,37936,506822
BEST1|BEST1,47,69,32,102,84,18,113,90,220,27
PTGDR2|PTGDR2,28,324,180,364,274,4,237,86,65,0
IL15|IL15,49,130,137,96,102,10,23,122,172,330
SLC7A11|SLC7A11,428,516,859,1476,1768,57,1585,752,1815,4455
IL21|IL21,7,4,17,0,14,0,0,29,0,4
IL2|IL2,3,84,45,28,32,4,0,145,12,26
ANXA5|ANXA5,1164,2451,7032,1222,3122,124,1583,2155,1955,4191
GYPC|GYPC,412,43,197,292,115,45,320,175,109,208
CNTNAP5|CNTNAP5,35,106,102,177,386,0,412,255,465,6
TMEM185B|TMEM185B,373,1395,1741,1256,1444,99,489,578,493,1472
EPB41L5|EPB41L5,24,75,88,44,52,9,0,60,46,7
DBI|DBI,280,703,998,652,635,76,345,682,612,212
CXCR4|CXCR4,737,2847,6415,4116,2602,175,2278,3583,3821,22204
CREM|CREM,536,832,994,806,1238,68,762,1078,972,2744
BMI1|BMI1,95,650,834,475,425,39,55,384,294,1425
COMMD3|COMMD3,334,1000,1118,628,713,47,234,788,682,881
HACD1|HACD1,37,27,20,71,81,12,0,12,86,26
VIM|VIM,44028,98351,125167,91603,89516,5340,108149,57284,74709,27212
CUBN|CUBN,424,1202,1284,1170,1295,129,3122,1615,1100,291
SEPHS1|SEPHS1,438,590,617,517,436,65,446,586,765,807
LOC478000|LOC478000,1485,365,2008,869,511,42,152,0,348,564
LOC478001|LOC478001,6,11,102,8,45,1,164,0,19,3
IL2RA|IL2RA,230,331,350,356,435,29,635,360,127,968
GDI2|GDI2,720,1446,1240,973,1279,288,1763,1315,1318,4769
SLC23A1|SLC23A1,40,129,50,75,115,14,109,63,72,0
EIF4EBP3|EIF4EBP3,39,107,75,96,112,0,93,87,98,107
ANKHD1|ANKHD1,5147,6844,7010,5809,6473,392,3405,3429,3522,4002
NR3C1|NR3C1,1343,3366,2970,3998,3742,230,3617,2884,3412,2399
IL6ST|IL6ST,1275,3387,3548,2848,2839,237,1276,4698,3061,1499
AK6|AK6,88,290,320,163,128,17,134,300,140,535
TAF9|TAF9,173,445,720,370,412,37,200,630,406,1350
OCLN|OCLN,0,12,0,0,7,0,0,0,13,0
SMN|SMN,549,952,1451,986,915,71,247,668,503,956
BTF3|BTF3,5595,3235,4956,3849,2430,462,2095,3481,2994,8301
GOT2|GOT2,1223,2851,3951,2986,2127,153,1421,2192,1975,1324
MT1E|MT1E,47,101,219,63,112,16,124,87,126,21
MT2A|MT2A,37,89,282,62,104,7,32,22,21,20
MT4|MT4,0,0,0,0,0,0,0,0,0,0
NOD2|NOD2,363,1094,703,732,1199,128,3013,832,1461,4443
AZIN2|AZIN2,9901,406,1610,1823,773,68,2128,1175,1062,68
TAF12|TAF12,3322,797,1540,1345,908,52,501,914,478,735
RCC1|RCC1,134,126,169,219,84,30,185,116,119,161
SNHG3|SNHG3,1295,447,601,666,413,22,87,297,377,446
EPB41|EPB41,856078,22518,238484,322990,84559,4315,69832,112134,95972,11110
PTAFR|PTAFR,1279,1507,2336,2534,2324,250,2502,781,952,4452
SLC9A1|SLC9A1,106,183,111,114,247,76,2162,503,359,4109
HMGN2|HMGN2,1432,3782,4416,3451,3641,347,1614,3143,3051,7153
CD52|CD52,21,296,182,161,109,16,46,97,58,20
MACO1|MACO1,30404,2015,11245,14981,5061,364,2712,6543,4968,1150
RHCE|RHCE,4511,119,1176,1044,313,43,1433,2856,1094,16
CNR2|CNR2,1,73,17,51,13,7,44,12,5,4
FUCA1|FUCA1,3014,6522,8463,5648,7162,386,4722,6954,8522,4316
RPL11|RPL11,5226,19293,23324,14022,14113,1562,10209,30580,18449,12021
ID3|ID3,9,112,39,121,60,12,48,41,20,182
MIR8897|MIR8897,2,5,2,4,3,0,17,2,7,2
CDC42|CDC42,2313,4326,5737,4396,4047,453,4259,6141,5575,9986
ALPL|ALPL,0,5,0,0,4,0,0,0,0,62
DDOST|DDOST,1705,3544,5804,4218,3439,316,5143,3791,4930,5042
PADI6|PADI6,0,24,26,10,18,0,0,0,9,15
SDHB|SDHB,1635,928,1671,1286,1017,109,926,1545,1519,1430
CASP9|CASP9,271,413,520,338,565,38,342,411,419,232
PDPN|PDPN,13,0,5,0,4,0,0,0,9,1344
MIIP|MIIP,46,156,136,76,84,12,161,77,39,204
MFN2|MFN2,1008,2575,2769,1779,2748,181,2978,1054,1317,1548
PLOD1|PLOD1,600,603,1375,732,781,28,841,234,184,1103
CENPS|CENPS,97,125,108,104,128,0,41,75,116,176
TXNRD3|TXNRD3,146,235,402,228,331,15,303,152,246,264
SEC61A1|SEC61A1,1854,3860,4279,3271,3047,292,3313,1736,2672,13671
RAB7A|RAB7A,310,511,261,310,431,233,1276,587,429,5911
CNBP|CNBP,97879,8426,18572,17806,8393,654,4660,25785,12761,12021
ISY1|ISY1,692,1161,1442,910,1174,57,378,683,680,1227
SLC6A6|SLC6A6,2818,6649,5161,7155,9098,781,13688,4187,5202,13769
PPIAP4|PPIAP4,144,290,401,358,219,49,55,115,130,31
RPL26|RPL26,6996,14410,20045,16568,13036,1221,4153,19095,11053,5959
RPL32|RPL32,16845,30373,44993,31062,27430,1911,8125,26527,14253,4544
PPARG|PPARG,89,294,244,94,155,6,204,190,302,573
TIMP4|TIMP4,9,5,0,47,28,0,0,0,27,8
TAMM41|TAMM41,125,192,388,188,180,19,136,162,144,67
GHRL|GHRL,48,42,0,0,40,0,63,30,14,0
VHL|VHL,258,803,1173,787,712,29,328,473,419,218
THUMPD3|THUMPD3,429,934,1076,771,877,72,241,762,760,1315
SETMAR|SETMAR,24,41,27,34,33,5,14,32,16,0
MITF|MITF,540,546,1018,518,981,21,475,549,664,485
EOGT|EOGT,186,460,558,261,462,31,386,364,333,839
FHIT|FHIT,0,53,0,62,53,9,64,142,74,25
CCDC66|CCDC66,3922,2269,4183,3647,2706,259,825,2901,2114,1083
SELENOK|SELENOK,640,767,1035,790,623,61,649,1342,1399,4289
PRKCD|PRKCD,3026,6148,9078,6221,7994,315,5764,2680,3506,5537
MIR135A-1|MIR135A-1,1,3,3,4,1,0,0,0,1,1
MIRLET7G|MIRLET7G,2,4,2,3,4,1,3,13,1,1
TLR9|TLR9,27,151,140,107,109,15,162,40,40,67
MIR8800|MIR8800,10,14,17,2,11,1,41,3,11,12
GNAI2|GNAI2,4237,5140,5327,5057,5130,876,10739,3355,3683,10690
DAG1|DAG1,67,114,89,103,115,44,764,159,168,238
NICN1|NICN1,302,732,882,476,645,22,226,238,163,164
AMT|AMT,225,806,958,638,689,28,493,255,198,318
RHOA|RHOA,3004,6238,10697,5512,6801,461,5362,4419,4393,12065
GPX1|GPX1,147833,6456,89554,70872,22941,1460,21675,72360,18472,4038
MIR191|MIR191,0,1,0,2,1,0,3,2,1,0
MIR425|MIR425,1,3,2,6,2,0,0,1,7,0
COL7A1|COL7A1,0,290,647,365,178,23,306,160,38,160
CAMP|CAMP,1242,85,1200,472,167,0,999,127,293,178
CDC25A|CDC25A,36,88,95,97,43,9,40,143,119,31
PTH1R|PTH1R,0,33,4,10,46,0,0,17,16,18
LTF|LTF,4285,2679,3471,3828,3910,1049,21240,5798,7084,6031
CCR5|CCR5,120,514,331,194,249,21,200,248,193,260
CCR3|CCR3,114,2301,1475,3189,2195,147,647,1020,233,330
CCR1|CCR1,882,1837,1750,1835,2120,98,1428,760,904,7938
CCR9|CCR9,2,401,132,104,102,88,309,147,226,175
MEF2B|MEF2B,0,25,0,0,17,0,0,0,0,26
UBA52|UBA52,43861,9922,50788,52725,18822,2424,13722,24714,17488,7971
LSM4|LSM4,341,768,1088,627,581,52,337,577,398,462
MIR8864-3|MIR8864-3,0,1,1,0,4,1,0,2,0,0
FAM32A|FAM32A,2712,1991,2504,2205,2230,103,623,1012,941,1959
RAB8A|RAB8A,421,454,444,402,456,72,888,557,495,1927
AKAP8|AKAP8,520,2221,2096,1377,1520,128,1179,1013,701,1299
ADGRE2|ADGRE2,871,1827,782,2676,1716,208,2006,554,890,517
ADGRE3|ADGRE3,2562,16970,11838,14606,21079,1852,6697,5072,5039,3934
ADGRE5|ADGRE5,1010,4050,4461,3207,2727,984,16189,3841,3887,10400
PRKACA|PRKACA,71,173,81,131,128,28,663,281,187,562
MIR23A|MIR23A,3,23,27,26,24,2,21,16,18,28
MIR27A|MIR27A,1,3,5,13,7,2,30,5,12,192
MIR24-2|MIR24-2,1,10,12,14,14,6,24,16,17,103
RTBDN|RTBDN,0,0,0,13,0,0,0,0,0,0
RPSA|RPSA,12393,18085,26188,19292,14403,1794,17984,45959,29257,30126
ACP5|ACP5,273,2765,3126,2345,1948,185,1079,976,701,888
EPOR|EPOR,222,14,68,46,22,11,181,86,93,16
ICAM1|ICAM1,296,97,222,149,117,15,383,158,64,6876
P2RY11|P2RY11,102,673,886,285,452,18,119,227,95,155
PPAN|PPAN,661,1755,2360,1700,1414,86,708,474,576,618
STXBP2|STXBP2,1936,3167,3568,3421,3282,229,2285,1219,1349,2273
CD209|CD209,21,0,0,0,0,0,49,12,50,364
CTXN1|CTXN1,6,0,0,0,0,0,0,0,0,0
ADAMTS10|ADAMTS10,41,864,900,407,449,59,349,323,233,399
EMR4|EMR4,933,1391,1176,2093,1336,68,849,607,522,2255
ADGRE1|ADGRE1,9433,6286,7807,8451,7592,392,17557,5423,10523,52891
TNFSF14|TNFSF14,50,334,356,273,404,14,278,304,281,313
CAPS|CAPS,10,67,14,31,37,0,49,42,21,43
MAP2K2|MAP2K2,326,541,383,539,467,101,2158,655,548,4750
TJP3|TJP3,0,32,27,40,12,0,0,0,3,8
NCLN|NCLN,633,1529,1401,1156,1232,94,1842,705,594,630
GNA11|GNA11,65,99,164,63,83,8,17,21,15,113
SGTA|SGTA,49,52,86,56,41,17,163,131,58,299
LSM7|LSM7,71,196,302,119,138,11,97,142,150,58
OAZ1|OAZ1,204521,17090,64744,67292,24910,2204,54970,123136,65427,32092
KISS1R|KISS1R,6,0,0,0,0,0,0,0,0,0
ELANE|ELANE,0,0,0,0,0,0,0,0,0,0
MADCAM1|MADCAM1,0,0,0,0,0,2,0,0,0,0
GPR83|GPR83,7,122,431,79,48,8,0,21,23,6
FOLH1|FOLH1,173,0,156,0,12,0,0,0,0,0
CTSC|CTSC,3077,4232,5900,3986,3857,294,4904,4734,4583,7442
CLNS1A|CLNS1A,304,840,984,820,671,70,605,1267,1224,1370
SERPINH1|SERPINH1,9,10,9,20,5,2,12,0,0,0
RPS3|RPS3,8039,14532,16997,13904,10908,1123,11041,20914,11885,20297
MIR326|MIR326,3,1,0,2,1,0,2,0,2,0
SPCS2|SPCS2,626,1459,2003,1195,1119,98,436,1102,1133,3458
UCP3|UCP3,0,18,0,0,6,0,30,8,8,0
UCP2|UCP2,1590,165,259,303,127,164,7134,2269,2224,883
LRTOMT|LRTOMT,89,131,129,119,90,12,127,115,171,44
IL18BP|IL18BP,0,227,74,170,202,91,143,27,60,2273
XNDC1|XNDC1,50,129,157,121,65,20,207,119,99,62
TRPC2|TRPC2,0,0,0,8,10,7,50,14,17,21
LOC480784|LOC480784,94,163,149,5026,3,47005,16301,185,348,1718
LOC609402|LOC609402,15297,591,3072,1,1925,870087,16059,30507,10701,45223
TRIM6|TRIM6,0,6,20,0,8,0,0,0,11,9
TRIM34|TRIM34,1381,5346,6362,3477,3573,369,1732,4176,3267,4212
TPP1|TPP1,1222,321,254,467,374,26,2992,840,669,1241
RPL27A|RPL27A,9954,11863,17521,12802,9906,927,6907,11180,9688,8099
MIR8810|MIR8810,2,0,5,1,4,1,46,2,3,54
RNF141|RNF141,627,501,825,831,648,45,502,1051,1064,260
ZBED5|ZBED5,1085,1235,666,819,1446,145,883,3432,2707,1902
DKK3|DKK3,0,0,0,0,0,0,0,0,0,0
PTH|PTH,4,0,0,0,20,3,0,0,7,0
SAA1|SAA1,14,3,11,0,7,0,0,17,0,1636
SVIP|SVIP,18520,920,17911,15231,5441,216,2955,2426,3051,577
MIR8811|MIR8811,4,17,7,4,16,1,1,0,2,2
MS4A2|MS4A2,218,1091,1759,817,668,38,762,589,539,376
MS4A1|MS4A1,143,1394,1179,1817,1088,134,339,1348,999,511
ATP7B|ATP7B,305,0,33,0,4,0,116,22,16,52
MIR15A|MIR15A,1,2,0,3,2,0,5,36,40,0
MLNR|MLNR,3,0,9,0,0,0,0,0,0,0
HTR2A|HTR2A,112,44,135,138,91,4,167,75,87,19
CLN5|CLN5,790,1860,2861,1812,1829,126,978,2009,1884,2945
EDNRB|EDNRB,8,0,0,0,0,0,0,0,7,111
MIR19B-1|MIR19B-1,0,2,0,0,0,2,0,1,0,0
MIR17|MIR17,1,3,8,14,4,2,8,21,15,3
MIR18A|MIR18A,3,11,21,23,10,3,4,23,17,4
MIR19A|MIR19A,4,3,2,2,4,2,11,19,14,0
MIR20A|MIR20A,1,1,0,1,0,0,0,0,5,0
MIR92A-1|MIR92A-1,1,3,0,0,1,0,3,10,0,1
ABCC4|ABCC4,138,29,166,242,79,14,17,69,93,243
DZIP1|DZIP1,0,231,0,37,85,12,121,35,31,86
BIVM|BIVM,67,233,315,119,224,14,43,197,176,66
EFNB2|EFNB2,19,19,40,51,46,4,0,36,15,0
TNFSF13B|TNFSF13B,882,664,998,568,761,48,1168,1255,1626,3110
F7|F7,0,0,0,0,0,0,0,0,0,0
ATP4B|ATP4B,0,0,0,0,0,0,0,0,0,0
MIR8807|MIR8807,1,3,0,0,0,2,0,0,0,0
GLB1|GLB1,324,419,422,474,496,86,912,567,675,1759
CCR4|CCR4,39,315,407,364,185,3,55,177,94,35
CX3CR1|CX3CR1,495,1374,4439,1381,1901,74,1390,692,1000,148
RPL14|RPL14,6979,13859,18249,10684,10629,1310,6969,20063,12363,14723
CTNNB1|CTNNB1,5120,8845,10067,8549,9182,528,6767,8516,9233,8122
POMGNT2|POMGNT2,3,3,3,0,7,0,5,0,0,0
RPL15|RPL15,7120,17724,24807,16446,14472,1324,9010,24183,17088,17882
RAB5A|RAB5A,765,1266,1724,1316,1484,100,465,1090,1017,1509
SLCO2A1|SLCO2A1,0,0,0,0,0,0,0,0,0,0
SELENOT|SELENOT,3228,7650,10009,7949,6572,549,2140,8844,7608,6526
P2RY12|P2RY12,355,185,618,606,483,16,306,533,220,12
P2RY1|P2RY1,130,426,459,519,679,22,1479,321,426,0
GMPS|GMPS,3488,739,1329,1114,721,142,597,1609,1304,1874
RRBP1|RRBP1,2011,3192,4094,2875,2661,111,1481,455,897,6039
SNRPB2|SNRPB2,442,771,956,661,620,102,307,1170,751,2867
SLC23A2|SLC23A2,147,744,496,399,456,66,485,502,509,741
PRNP|PRNP,1502,999,1211,884,1090,27,1012,670,819,653
MIR103-2|MIR103-2,1,4,0,2,4,0,6,3,6,1
MAVS|MAVS,90,169,73,141,112,60,521,113,212,338
DEFB124|DEFB124,0,9,0,0,0,0,0,17,0,0
BCL2L1|BCL2L1,2778,122,226,434,185,37,895,1024,472,1189
POFUT1|POFUT1,136,315,501,191,243,28,247,148,121,163
MAPRE1|MAPRE1,1692,2975,3529,2968,3444,223,2910,3657,3704,10189
TIMM8A|TIMM8A,15,104,71,68,54,7,38,63,66,61
RALY|RALY,585,1665,1707,1478,1408,134,1510,1041,843,2619
ASIP|ASIP,0,2,0,0,6,0,0,0,0,0
DYNLRB1|DYNLRB1,2941,1179,2077,1285,1109,74,212,580,292,1288
PROCR|PROCR,0,12,0,0,0,0,34,0,15,15
CPNE1|CPNE1,680,1074,916,984,1185,223,2095,1130,1136,4226
RBM12|RBM12,1170,1756,2020,1582,1900,354,2920,3589,3311,2335
MYL9|MYL9,5895,2365,4031,6040,2951,220,7629,1551,1866,414
PI3|PI3,7,145,158,131,62,0,0,91,10,540
SLPI|SLPI,0,14,42,46,11,0,0,0,31,18085
CTSA|CTSA,657,2028,1941,1058,1595,253,2108,895,967,6601
MMP9|MMP9,2345,3902,767,3727,298,56,3388,354,584,74865
CD40|CD40,67,247,258,144,101,14,121,114,188,1550
SULF2|SULF2,563,2773,1884,1527,2486,105,3559,724,1059,1932
UBE2V1|UBE2V1,477,377,361,303,351,88,369,380,465,2748
RAB22A|RAB22A,157,419,596,387,451,26,161,300,257,499
GNAS|GNAS,153749,14427,70982,95620,26607,2434,39304,31113,21223,8880
EDN3|EDN3,0,0,0,11,0,0,0,0,0,0
COL9A3|COL9A3,0,0,0,0,0,5,0,10,0,0
MIR8809|MIR8809,29,50,98,30,53,5,65,18,20,112
BRCA2|BRCA2,2807,1318,2482,1911,1913,115,669,2218,2597,147
HMGB1|HMGB1,6613,8492,14208,10286,8351,672,1981,7745,6606,10140
MIR8825|MIR8825,4,9,4,2,12,2,6,18,24,0
SLC7A1|SLC7A1,544,378,614,610,412,48,861,522,590,216
FLT3|FLT3,262,475,532,338,737,29,210,307,624,1318
RPL21|RPL21,10558,14543,25073,17553,14121,1952,7583,24770,16056,19087
SAP18|SAP18,297,570,852,460,448,42,241,593,637,1240
MPHOSPH8|MPHOSPH8,1141,1708,2420,1504,1395,90,188,823,692,736
PARP4|PARP4,2852,4670,6058,3554,5554,362,4931,4601,7204,2780
MIR8824|MIR8824,70,76,81,123,67,7,89,92,48,28
CLCN3|CLCN3,3143,1063,1922,1384,1297,86,849,1900,1445,1226
HPGD|HPGD,25,2522,58,651,67,8,0,165,32,0
CLU|CLU,902,44,111,54,30,0,70,29,18,5899
COL4A4|COL4A4,180,76,0,191,100,0,654,46,47,0
HTR2B|HTR2B,33,22,0,9,57,0,52,120,70,0
PTMA|PTMA,7961,26947,30772,24518,20678,1452,4070,9220,11757,27970
PDE6D|PDE6D,243,671,683,606,576,33,291,458,409,1004
EIF4E2|EIF4E2,322,695,563,615,638,70,449,656,529,1848
SAG|SAG,12,38,96,0,56,14,37,31,31,63
TRPM8|TRPM8,0,0,0,0,0,0,0,0,0,0
ACKR3|ACKR3,18,10,4,3,5,8,0,0,6,343
MLPH|MLPH,0,0,0,26,0,6,0,6,0,0
MIR8822|MIR8822,192,6,30,20,14,0,0,6,8,10
OR9S5|OR9S5,1,1,0,0,0,0,0,0,2,0
COPS9|COPS9,1220,436,747,486,410,36,280,500,563,440
STK25|STK25,406,1284,1285,1105,916,44,570,442,419,740
PDCD1|PDCD1,56,63,155,64,62,4,130,0,5,31
RAN|RAN,2904,2380,3516,2588,1920,181,1338,2075,2287,2401
CDK2AP1|CDK2AP1,42,76,95,41,64,11,31,70,64,79
DIABLO|DIABLO,366,889,1596,674,831,74,228,688,446,1489
P2RX7|P2RX7,208,700,658,669,525,57,404,607,515,1307
ATP2A2|ATP2A2,1668,1860,1536,1894,1863,198,2693,1612,1720,3240
VPS29|VPS29,362,824,978,688,687,60,335,729,625,2142
PPP1CC|PPP1CC,1700,4343,5265,4423,4017,382,3023,5361,4783,4372
MYL2|MYL2,0,0,0,0,0,0,0,0,0,0
OAS1|OAS1,9209,172,723,3070,683,57,667,3237,4243,17526
OAS3|OAS3,673,616,1071,1658,746,89,2401,2812,6502,6085
OAS2|OAS2,1375,484,843,3210,713,44,1275,2722,9955,17610
NOS1|NOS1,0,0,0,0,0,0,0,0,0,0
PEBP1|PEBP1,471,1058,1347,1099,906,57,910,1253,1045,995
MIR8819|MIR8819,55,98,155,117,90,10,134,259,182,294
RPLP0|RPLP0,46620,15024,32464,28097,15292,2862,39916,64441,34787,19114
OASL|OASL,714,1670,3516,1735,1376,61,1163,1597,2680,17250
SELPLG|SELPLG,646,2453,1911,2489,1787,318,6669,2261,1829,4285
TRPV4|TRPV4,28,0,0,0,0,0,0,0,0,0
TFIP11|TFIP11,1030,2203,2792,1850,1985,135,977,853,1032,1448
CRYBA4|CRYBA4,5,0,0,0,13,0,0,0,0,29
EWSR1|EWSR1,2620,4057,5766,3850,3585,268,2168,2323,2596,6268
LIF|LIF,8,8,0,9,16,0,0,0,10,79
SELENOM|SELENOM,0,0,0,0,8,0,0,0,0,88
SPECC1L|SPECC1L,901,1443,1727,1072,1269,86,501,661,634,568
ADORA2A|ADORA2A,120,665,853,756,729,50,469,466,447,4065
ZDHHC8|ZDHHC8,32,214,300,160,146,20,175,101,72,110
MIR1306|MIR1306,4,24,15,22,11,3,6,5,5,16
COMT|COMT,397,320,466,429,389,96,599,287,340,1923
MAPK1|MAPK1,8451,8326,11342,11709,8659,741,7378,5759,6226,4863
MIR8905|MIR8905,2,8,2,0,19,6,6,1,5,0
PTEN|PTEN,4116,7248,9684,8260,9173,510,4217,4330,4882,3228
FYTTD1|FYTTD1,721,2540,2753,2049,1836,153,746,2462,1266,2387
BID|BID,3606,2854,5202,5629,4516,216,3747,4659,4256,1832
SLC6A12|SLC6A12,0,0,0,0,0,0,0,0,0,46
VWF|VWF,158,370,442,395,365,20,99,16,22,51
GAPDH|GAPDH,37430,51463,59460,60031,58282,5024,65205,27498,35504,71263
CD4|CD4,2245,20665,15574,22023,29229,2822,42411,12439,16575,31620
GNB3|GNB3,0,13,0,0,23,0,0,20,0,191
TPI1|TPI1,5622,5530,8717,6230,5238,325,4717,3558,4031,5779
MIR200C|MIR200C,2,0,0,0,0,1,0,0,0,0
CD163|CD163,1486,1036,1782,791,1632,32,1527,952,2089,797
SLC2A3|SLC2A3,2820,4200,2791,4481,5257,455,5998,4125,4551,17933
AICDA|AICDA,0,0,0,0,0,0,0,9,0,22
KLRD1|KLRD1,62,1080,6700,1051,1038,46,208,3042,887,1990
KLRA1|KLRA1,91,94,138,220,511,0,64,826,92,45
YBX3|YBX3,2007,949,2406,1121,1340,129,950,912,479,445
CAFA-T2R67|CAFA-T2R67,6,23,3,0,3,4,20,29,54,0
TAS2R42|TAS2R42,2,8,4,0,0,0,0,9,31,0
CDKN1B|CDKN1B,3293,3834,5219,3022,3733,187,1310,1643,1117,1994
SLCO1B3|SLCO1B3,0,0,0,0,4,0,0,3,0,0
LDHB|LDHB,532,2587,2021,1989,1564,244,1431,6367,3346,3000
BHLHE41|BHLHE41,8,45,54,131,44,31,82,104,152,339
INTS13|INTS13,588,1246,1374,1305,1176,116,431,1324,1065,805
FGFR1OP2|FGFR1OP2,1018,1015,2118,1283,1007,74,653,1213,760,447
MED21|MED21,91,356,371,270,333,20,159,445,323,185
STK38L|STK38L,1146,3234,3856,3392,4450,194,967,2572,2393,3103
PPFIBP1|PPFIBP1,78,494,383,374,304,23,174,156,112,418
MRPS35|MRPS35,336,416,360,336,328,37,187,551,411,218
RAPGEF3|RAPGEF3,0,70,0,58,32,7,0,34,0,35
PFKM|PFKM,825,496,1303,1942,654,38,1033,1375,766,8
LYZF2|LYZF2,0,0,0,0,0,0,0,0,0,0
ADCY6|ADCY6,39,42,81,47,58,15,173,40,0,12
LOC106557476|LOC106557476,3568,2142,4359,4067,2689,558,6149,4114,3662,12516
TMBIM6|TMBIM6,26224,17979,23676,30966,20261,1816,24238,25987,21778,40873
CELA1|CELA1,42,70,136,56,69,20,23,67,134,29
NR4A1|NR4A1,39,20,26,34,33,7,54,0,14,173
KRT18|KRT18,101,868,1053,3577,679,64,605,140,451,109
PFDN5|PFDN5,755,1900,2243,1803,1712,177,984,2861,1779,2055
MIR148B|MIR148B,1,0,0,0,0,0,0,0,2,0
OR6C69G|OR6C69G,1,1,0,0,0,0,0,0,0,0
OR6C74|OR6C74,1,0,0,0,0,0,0,0,0,0
OR6C69|OR6C69,1,0,0,0,0,1,0,0,0,0
ZFAND4|ZFAND4,1688,544,1133,1147,840,136,730,1321,1524,444
ALOX5|ALOX5,6297,7230,10708,11649,9271,602,10302,5246,9062,661
CXCL12|CXCL12,4,0,0,0,0,0,0,0,0,52
RET|RET,9,52,26,41,33,4,15,42,35,22
IDE|IDE,1353,1579,2280,1641,1541,169,1242,1740,1680,620
EXOC6|EXOC6,2339,6496,6708,6676,6783,665,2194,8841,7009,1996
CYP2C18|CYP2C18,16,53,43,22,30,0,0,24,0,11
GOT1|GOT1,286,377,501,386,337,22,351,182,278,278
ABCC2|ABCC2,0,0,0,0,0,0,0,0,0,0
KCNIP2|KCNIP2,89,183,167,139,169,5,75,94,81,46
MIR146B|MIR146B,1,1,0,0,0,0,0,0,0,0
ACTR1A|ACTR1A,1500,2272,2684,1956,1919,201,2210,2060,2122,4435
MIR1307|MIR1307,1,0,2,0,0,0,0,2,2,0
ADRB1|ADRB1,6,18,84,18,9,2,27,4,2,0
PRDX3|PRDX3,4030,852,1297,944,634,78,702,1182,1674,1408
FGFR2|FGFR2,0,0,0,0,0,0,0,0,0,9
MGMT|MGMT,0,0,0,0,0,0,0,11,5,4
INPP5A|INPP5A,481,1735,1550,1632,2386,105,1164,838,895,372
PRKDC|PRKDC,5357,7698,8213,7142,7162,521,4079,10059,7656,1375
UBE2V2|UBE2V2,866,1401,2040,1666,1505,119,263,1647,1298,4276
SNAI2|SNAI2,0,7,6,0,10,0,0,9,0,0
RAB2A|RAB2A,810,1455,1954,1640,1984,133,679,1179,1347,2165
ASPH|ASPH,5183,9023,11414,10443,14182,719,2778,4304,5905,2471
CRH|CRH,25,46,23,36,37,6,0,33,19,64
SGK3|SGK3,426,940,1128,816,1070,77,627,975,902,513
SULF1|SULF1,23,11,7,15,47,0,53,0,46,0
TRAM1|TRAM1,2603,6625,8732,7429,5562,508,1980,5144,5752,19530
KCNB2|KCNB2,27,8,0,11,15,0,54,15,7,0
RPL7|RPL7,9837,25020,31280,22679,20270,2168,13188,43056,26673,32293
IL7|IL7,23,37,39,35,39,0,0,35,25,16
HEY1|HEY1,0,0,0,113,9,0,0,0,0,42
CA1|CA1,4048,14,358,131,86,0,45,85,88,0
CA2|CA2,2032,144,934,768,529,23,185,231,333,24
CNGB3|CNGB3,0,9,0,0,13,0,0,0,0,0
SRP19|SRP19,1680,963,1538,1052,868,113,339,1586,1072,1605
FER|FER,1761,1800,2377,2136,2619,137,901,1642,1195,226
ARSK|ARSK,71,176,266,98,121,6,57,135,223,54
CKMT2|CKMT2,0,0,0,0,13,0,0,12,16,7
ARSB|ARSB,316,1509,1074,1797,1376,129,980,638,546,685
AP3B1|AP3B1,4735,7480,9053,7006,7721,537,3282,6110,5878,6587
F2RL1|F2RL1,4,21,0,22,49,0,0,0,24,0
TJP1|TJP1,81,130,109,93,156,9,0,28,17,852
SELENOS|SELENOS,752,1289,1726,1245,1861,99,717,1166,1043,1670
ACAN|ACAN,0,214,102,110,581,34,178,80,335,41
RHCG|RHCG,0,0,0,0,0,0,0,0,0,0
ANPEP|ANPEP,1141,2682,2230,1211,2800,139,3657,658,1054,245
AP3S2|AP3S2,163,307,422,200,272,53,126,381,370,412
ARPIN|ARPIN,211,906,863,433,511,25,436,290,445,367
SEC11A|SEC11A,444,835,1113,790,851,105,637,997,1033,1627
RPS17|RPS17,19698,16893,27732,23558,17618,1704,6085,20553,12846,5186
MIR1839|MIR1839,7,13,4,8,10,0,0,23,6,0
MIR8898|MIR8898,3,2,2,4,6,2,30,16,2,1
TRMT44|TRMT44,80,252,154,195,168,29,228,241,241,355
PROM1|PROM1,50,25,30,0,48,0,0,28,17,0
CD38|CD38,96,395,1032,405,273,56,422,1430,695,1650
ZNF518B|ZNF518B,861,2182,1674,1588,2003,132,1491,1643,1798,1525
WDR1|WDR1,4567,7303,7308,7307,6196,487,9118,3825,5194,6554
SLC2A9|SLC2A9,125,92,241,103,189,21,409,212,238,1876
RBM47|RBM47,382,432,723,658,675,22,1308,268,550,213
PDS5A|PDS5A,3720,7898,9414,7186,6189,447,2407,7263,5938,5373
TLR1|TLR1,2099,3240,3645,2622,3780,222,1997,5363,6307,1433
TLR10|TLR10,197,687,470,392,790,47,211,1062,573,54
MIR8799B|MIR8799B,1,0,0,0,1,0,0,0,0,0
CAR1|CAR1,4,38,24,4,18,4,29,37,12,15
SMIM20|SMIM20,632,1491,1952,1329,1357,97,556,1506,1387,589
IDUA|IDUA,104,239,201,196,227,9,90,117,62,23
PDE6B|PDE6B,5,12,14,13,8,0,0,18,0,0
SRP14|SRP14,724,1528,2609,1655,1852,92,608,1563,1052,736
RAD51|RAD51,91,68,122,141,70,31,107,166,304,24
JMJD7|JMJD7,36,75,79,59,115,0,63,28,60,95
PLA2G4B|PLA2G4B,21,69,54,45,48,9,95,21,31,22
SERF2|SERF2,88383,8067,32576,43519,12667,1020,15079,27370,17749,6111
B2M|B2M,25190,50545,86543,66394,48947,5853,52103,83153,71886,51858
MIR147|MIR147,197,753,417,528,538,53,527,1044,715,3393
FBN1|FBN1,125,60,0,11,27,0,28,27,0,19
FGF7|FGF7,0,0,0,0,0,0,0,0,0,0
MIR8791A|MIR8791A,8,1,0,5,2,0,40,2,3,0
RAB27A|RAB27A,7308,11894,17903,16682,13525,604,5619,8866,7648,4908
MIR628|MIR628,8,20,21,12,29,4,3,52,29,5
LIPC|LIPC,48,0,0,0,0,0,0,0,0,3
CCNB2|CCNB2,241,72,94,126,59,15,103,181,288,31
ANXA2|ANXA2,4063,7901,10820,5706,7699,427,10223,6459,9762,12706
OAZ2|OAZ2,899,510,721,598,488,42,730,297,351,1728
RAB11A|RAB11A,741,1116,1783,2089,1544,345,1456,2154,1668,2449
MAP2K1|MAP2K1,633,1517,2250,1423,1293,109,922,1147,927,1920
RPL4|RPL4,22012,30979,41846,32357,23719,2894,25276,58229,37056,25687
SMAD3|SMAD3,139,268,357,332,177,19,39,85,41,89
CLN6|CLN6,19,38,55,15,31,13,63,52,33,82
ANP32A|ANP32A,1177,2863,3125,2552,3012,158,461,616,657,2576
NOX5|NOX5,0,0,0,0,0,0,0,0,0,0
UACA|UACA,30,361,222,390,316,35,49,175,71,357
COX5A|COX5A,47,60,16,29,54,22,160,219,159,706
POU1F1|POU1F1,20,49,14,30,59,0,0,82,58,23
APP|APP,3488,2801,3282,2088,3678,111,2574,1125,1444,33112
SOD1|SOD1,5311,790,1366,1361,724,55,649,1691,1263,909
SYNJ1|SYNJ1,3572,2723,1691,2554,3089,286,3004,3863,4680,4180
SLC5A3|SLC5A3,470,1178,731,1017,1712,107,958,1538,1221,815
KCNE2|KCNE2,3,5,4,14,6,0,0,11,8,0
MX2|MX2,2597,3394,819,6059,4317,168,2467,4212,9202,21935
MX1|MX1,402,273,256,1707,143,17,188,1477,4907,39942
TFF2|TFF2,6,0,0,0,0,0,13,19,0,0
UBASH3A|UBASH3A,25,273,418,202,144,62,189,304,118,911
PDE5A|PDE5A,4239,3157,5261,12632,7743,621,6830,6576,4722,15
MIR302C|MIR302C,0,4,4,0,1,0,0,9,0,0
MIR302A|MIR302A,0,0,2,0,0,0,1,9,1,0
MIR302B|MIR302B,3,6,0,7,3,0,4,8,6,0
MIR302D|MIR302D,2,2,2,2,3,0,4,21,1,0
MIR367|MIR367,5,2,3,0,4,0,0,18,0,0
EGF|EGF,3631,1372,5308,4304,4230,126,3836,3088,1927,52
OSTC|OSTC,250,619,793,596,485,54,456,1244,1307,3010
BDH2|BDH2,0,67,41,27,30,0,38,70,49,39
NFKB1|NFKB1,1494,3613,3372,3065,3337,247,3209,1687,2283,7750
PPP3CA|PPP3CA,1208,2068,3298,2299,2653,132,1476,1103,1070,1357
H2AZ1|H2AZ1,733,773,977,879,615,116,511,1594,1721,4471
HPGDS|HPGDS,0,0,0,0,0,0,0,8,5,0
PYURF|PYURF,1587,1174,2189,953,1176,172,526,1393,972,4063
PIGY|PIGY,393,551,667,847,504,0,7,1374,944,384
ABCG2|ABCG2,882,210,548,1208,222,124,764,3354,1566,356
CXCL10|CXCL10,0,0,29,6,9,0,0,22,0,825
SENP7|SENP7,863,2516,2798,2598,2745,205,823,3366,2738,1154
NFKBIZ|NFKBIZ,357,597,323,511,792,52,821,480,563,5069
ALCAM|ALCAM,610,906,831,1139,886,67,365,1116,854,4904
CD47|CD47,3049,2546,4201,3549,2679,277,2155,5241,5704,19310
MIR568|MIR568,1,7,3,5,3,0,0,4,0,2
B4GALT4|B4GALT4,7,245,164,155,102,5,0,93,50,37
CD80|CD80,267,2002,4036,2682,1410,79,589,2187,1476,2631
COX17|COX17,3575,846,1286,1114,775,65,195,517,517,1000
MIR6529|MIR6529,4,8,9,7,10,0,2,7,9,0
IQCB1|IQCB1,61,127,171,157,126,25,80,230,232,70
CD86|CD86,1116,1768,2104,1804,2121,84,996,1468,2156,12462
CASR|CASR,21,27,41,15,11,0,79,39,48,4
TFRC|TFRC,25621,829,6926,7740,1518,486,4734,7281,5151,2622
PPP1R2|PPP1R2,1984,2582,3888,2381,2761,191,473,1519,1388,2800
SRD5A1|SRD5A1,33,86,56,61,73,12,63,82,40,80
SLC6A3|SLC6A3,0,0,0,0,0,0,0,0,0,9
TERT|TERT,0,8,0,0,0,8,0,51,0,10
TRIP13|TRIP13,84,208,212,180,106,23,166,151,398,75
ABCC5|ABCC5,21,73,160,0,73,0,0,60,34,24
AP2M1|AP2M1,15788,929,1495,1889,1122,420,3918,2479,2029,5314
CRYGS|CRYGS,21,17,20,23,28,0,0,33,15,0
BCL6|BCL6,776,1911,1050,1165,2166,593,8210,1851,2917,5181
IL12A|IL12A,9,39,0,11,23,6,12,16,20,76
MIR15B|MIR15B,1,2,4,1,1,0,1,3,4,0
MIR16-2|MIR16-2,1,0,1,0,0,0,0,0,0,0
BCHE|BCHE,0,36,29,10,28,0,0,0,37,333
GHSR|GHSR,3,0,0,0,0,0,0,0,0,0
TNFSF10|TNFSF10,832,1477,492,712,1294,161,1276,1768,2511,3748
SSR1|SSR1,796,1368,1468,1434,1680,310,1969,2873,3582,3163
EDN1|EDN1,0,0,0,0,0,0,0,0,0,169
SIRT5|SIRT5,239,620,663,235,362,16,315,301,258,644
NHLRC1|NHLRC1,8,32,57,9,6,0,14,9,21,0
TPMT|TPMT,583,666,1035,655,659,46,277,603,421,219
CDKAL1|CDKAL1,926,966,1430,967,913,124,780,1846,1142,408
H3C4|H3C4,2323,1047,1529,1780,851,218,2126,3553,5716,29
H4C4|H4C4,1978,1069,1531,1530,751,235,1971,4418,3869,18
LOC106558262|LOC106558262,622,225,317,539,229,20,269,390,656,14
H2AC9|H2AC9,1154,337,595,707,356,29,620,1870,1727,26
LOC115945163|LOC115945163,495,240,334,372,272,44,398,606,992,29
H3C8|H3C8,538,261,356,452,264,41,383,893,1515,9
H4C8|H4C8,1199,2396,3034,2265,1742,150,1249,2769,3027,37
H4C12|H4C12,713,124,240,205,97,33,206,306,247,0
H3C11|H3C11,561,259,359,421,165,36,286,419,657,2
H4C13|H4C13,164,9,49,15,14,17,109,53,293,0
ABCB11|ABCB11,0,49,18,62,47,0,0,9,45,0
CHRNA1|CHRNA1,0,0,0,0,8,0,0,0,0,0
MIR8796|MIR8796,3,2,0,0,1,0,0,4,2,0
PDE1A|PDE1A,0,0,0,0,0,0,0,0,0,0
ZC3H15|ZC3H15,958,2443,3025,1931,1877,112,397,1236,1121,3662
TFPI|TFPI,697,336,1073,904,793,35,527,683,214,131
ASNSD1|ASNSD1,828,1446,1827,1176,1336,132,1265,2049,1568,5043
AOX4|AOX4,0,0,0,0,0,0,0,0,0,0
AOX2|AOX2,16,107,198,0,45,0,0,72,40,33
CASP8|CASP8,1471,4319,4366,3536,3885,290,1988,4643,3996,3062
SUMO1|SUMO1,3610,1225,1760,1197,1185,105,257,1062,874,3850
CD28|CD28,112,719,524,576,313,45,261,742,567,1159
CTLA4|CTLA4,120,953,672,783,703,49,197,633,423,831
ICOS|ICOS,117,1667,1141,1257,935,64,437,2563,896,1357
PECR|PECR,152,263,305,319,224,34,203,290,376,152
CXCR2|CXCR2,1551,3952,5312,4579,5603,634,3591,1949,3062,262
AAMP|AAMP,330,700,938,653,554,68,383,233,347,1184
SLC11A1|SLC11A1,1637,2799,4034,3372,4425,562,3913,2718,3121,19675
MIR26B|MIR26B,1,2,0,1,2,0,0,0,2,0
USP37|USP37,2250,1516,2513,2444,2035,237,1283,2596,1865,609
DES|DES,0,7,0,0,0,0,0,0,0,0
MIR8795|MIR8795,1,2,0,0,1,0,0,0,0,0
CLN8|CLN8,475,268,404,547,333,30,558,435,375,810
DSTYK|DSTYK,240,748,972,580,771,35,626,407,470,277
EIF2D|EIF2D,242,294,367,275,439,43,514,453,310,630
CDC73|CDC73,1038,1134,1912,1462,1483,96,889,1378,1147,934
MIR664|MIR664,1,1,0,1,1,0,0,3,3,1
MIR8798|MIR8798,21,46,37,26,36,2,49,26,43,11
MGST3|MGST3,924,813,1239,1012,700,72,1244,2071,1841,295
APOA2|APOA2,10,0,0,0,0,0,0,0,0,0
FCER1G|FCER1G,184,346,375,221,347,85,590,150,138,1036
NECTIN4|NECTIN4,0,0,0,0,0,0,0,0,0,0
SLAMF1|SLAMF1,63,243,145,132,65,11,158,139,131,423
NCSTN|NCSTN,105,387,112,228,336,90,1679,494,462,2847
SLAMF9|SLAMF9,1089,1078,1550,803,1162,90,1578,1789,2682,1739
FCER1A|FCER1A,29,583,128,519,238,0,29,129,141,8
OR6N1|OR6N1,1,0,0,0,0,0,0,0,0,0
CD1B|CD1B,11,46,117,29,66,0,0,22,0,25
CD1C|CD1C,0,0,74,7,13,0,0,0,3,40
CD1A8|CD1A8,230,328,1060,219,333,6,582,315,209,842
CD1A6|CD1A6,84,130,366,132,73,6,143,1274,161,26
TLR5|TLR5,49,60,51,86,46,7,31,22,54,32
LGALS8|LGALS8,6762,1930,4088,3386,2815,128,1965,3835,2957,4047
MIR1841|MIR1841,7,8,14,4,5,3,16,16,23,77
MIR1296|MIR1296,5,10,5,0,11,1,0,10,9,0
MIR8895|MIR8895,0,0,0,0,0,0,0,0,0,0
TACR2|TACR2,0,0,0,0,0,0,12,0,0,0
PRF1|PRF1,23,508,1620,273,415,16,272,368,126,261
MYOZ1|MYOZ1,0,0,0,13,13,0,0,17,0,20
PLAU|PLAU,31,502,160,363,424,45,244,91,208,7465
AP3M1|AP3M1,1763,3684,4635,3243,3060,257,972,3459,2902,2365
RPS24|RPS24,31616,25796,43249,35175,31095,4076,8447,47196,24695,14766
BMPR1A|BMPR1A,14,51,0,20,46,6,0,37,17,14
LMAN2|LMAN2,1878,3623,3956,3422,3209,240,3826,3251,4427,4731
HRH2|HRH2,4,17,0,13,11,0,16,15,15,106
ATP6V0E1|ATP6V0E1,5068,5521,8297,6817,5620,467,2789,7743,4971,12627
NPM1|NPM1,1355,5657,6139,4465,4404,579,1828,5279,4262,13364
MIR218-2|MIR218-2,1,0,0,0,0,0,0,0,0,0
MIR103-1|MIR103-1,2,1,4,0,1,0,1,2,2,0
IL12B|IL12B,0,0,0,0,0,0,0,0,0,69
MED7|MED7,154,545,519,458,465,62,104,886,487,834
HAVCR2|HAVCR2,42,113,90,123,144,12,44,144,69,25
HAVCR1|HAVCR1,136,331,335,245,394,28,349,969,525,3966
ATOX1|ATOX1,245,67,68,93,66,25,100,114,140,224
GPX3|GPX3,19,62,24,46,84,14,63,51,44,153
RPS14|RPS14,2910,5254,7593,7638,4143,1815,11347,14803,9271,28701
TCOF1|TCOF1,186,1136,807,829,593,96,708,411,171,920
ADRB2|ADRB2,31,59,132,66,31,11,50,18,77,73
SELENOP|SELENOP,1702,6328,7334,8731,9613,244,4579,7416,8027,309
GHR|GHR,4,42,99,41,65,5,85,42,45,14
RPL37|RPL37,5386,11607,15184,14153,10341,924,5532,14711,9336,2258
PTGER4|PTGER4,1177,3212,5010,3044,2761,149,2165,1967,1872,2622
LIFR|LIFR,0,0,0,0,0,0,0,0,0,0
SLC1A3|SLC1A3,98,7,22,13,12,0,26,38,34,27
SLC45A2|SLC45A2,0,20,0,18,18,0,0,0,0,0
MIR8903|MIR8903,2,6,6,1,2,0,7,9,1,6
RETREG1|RETREG1,24,69,83,49,63,9,48,99,85,103
ZNF622|ZNF622,479,504,637,556,486,36,352,476,302,712
MIR8868|MIR8868,1,2,6,13,6,2,16,0,15,3
MIR99A-2|MIR99A-2,1,1,0,0,2,0,0,0,2,0
MIRLET7A-2|MIRLET7A-2,4,2,0,4,3,0,6,1,2,0
NECTIN1|NECTIN1,33,31,0,30,36,11,206,83,51,243
THY1|THY1,89,830,1013,543,604,151,747,381,358,1722
SLC37A4|SLC37A4,100,142,157,104,113,12,93,130,144,113
CD3E|CD3E,33,425,201,148,237,319,822,912,436,6235
FXYD6|FXYD6,13,14,11,4,16,0,85,42,14,7
BACE1|BACE1,30,80,28,18,67,7,124,69,44,57
MIR8871|MIR8871,7,42,49,46,41,7,63,71,18,40
NCAM1|NCAM1,0,9,0,0,0,12,0,37,17,10
IL18|IL18,2806,1946,8205,6320,4609,217,1287,2752,2720,3470
ATM|ATM,3211,3704,4554,4314,6180,321,2604,7250,5367,1061
CASP4|CASP4,4150,3060,4764,2767,3659,116,3988,4147,4366,11259
CASP12|CASP12,627,1151,1721,635,1003,36,505,1171,1027,1013
MMP3|MMP3,0,0,0,0,0,0,0,11,13,0
BIRC2|BIRC2,3107,4065,5205,3836,3471,192,1438,2247,2536,5872
BIRC3|BIRC3,2585,5861,7633,4943,4694,230,2868,2234,2760,6088
PIMREG|PIMREG,0,0,0,0,0,0,0,0,0,0
GP1BA|GP1BA,278,163,149,233,272,39,4548,487,435,110
MIR324|MIR324,4,10,10,4,5,0,9,5,4,10
ZBTB4|ZBTB4,256,1584,934,679,1029,105,893,760,505,2059
TNFSF12|TNFSF12,21,38,15,24,16,0,149,8,29,73
TNFSF13|TNFSF13,490,778,1109,731,1020,44,1426,1475,1263,229
EIF4A1|EIF4A1,10456,12163,17143,12189,11406,772,11025,15279,15155,17609
TP53|TP53,20,68,0,35,53,34,204,96,56,405
TVP23B|TVP23B,590,627,938,628,643,45,193,954,606,2240
ADORA2B|ADORA2B,78,55,96,138,52,5,95,103,106,16
MIR8872|MIR8872,9,27,19,21,17,2,33,18,17,5
MIR33B|MIR33B,0,2,0,2,0,0,0,0,2,0
SREBF1|SREBF1,73,135,51,95,101,10,255,156,150,605
FLCN|FLCN,1888,860,792,729,786,101,1092,754,836,5777
KCNJ12|KCNJ12,14,76,39,27,40,5,0,37,24,0
IL12RB2|IL12RB2,61,2443,9493,2505,1152,57,702,3072,1117,624
LEPR|LEPR,90,94,243,274,249,21,174,221,210,31
LEPROT|LEPROT,670,1098,1017,1101,1401,189,1634,1626,1965,2248
MIR101-1|MIR101-1,1,0,0,3,1,0,0,4,4,1
JAK1|JAK1,10496,33832,39228,30022,26622,1890,14572,18237,17146,34801
FAM151A|FAM151A,0,0,0,0,0,0,0,0,0,0
PFDN1|PFDN1,344,265,379,268,274,35,114,579,323,683
DIO1|DIO1,0,0,0,0,0,0,0,0,9,0
TNFRSF18|TNFRSF18,0,15,0,39,13,0,0,45,33,265
B3GALT6|B3GALT6,118,145,205,200,185,17,181,310,214,66
TAS1R3|TAS1R3,0,11,0,9,11,0,0,0,0,0
SSU72|SSU72,528,1224,1633,1426,1447,131,769,1565,1337,2394
GNB1|GNB1,12661,7655,11457,9631,9018,622,7724,4410,4721,10505
TNFRSF14|TNFRSF14,686,1443,2103,1386,1286,114,1904,2106,1709,1640
NPHP4|NPHP4,0,35,17,41,37,12,60,46,48,10
SCAMPER|SCAMPER,34,105,84,62,80,18,18,104,59,30
CA6|CA6,47,183,115,197,139,5,75,46,14,20
MC1R|MC1R,5,14,35,14,32,2,1,0,7,0
GALNS|GALNS,435,1352,1809,1430,1739,103,1310,570,915,580
CYBA|CYBA,12476,8359,14243,12787,10355,531,6101,7483,7283,2593
SLC7A5|SLC7A5,573,141,226,133,114,26,72,144,122,393
CFDP1|CFDP1,718,795,1083,859,697,55,109,283,245,937
WWP2|WWP2,966,1621,1464,1451,2022,181,1817,889,1055,1987
MIR140|MIR140,1,0,0,1,0,0,0,1,2,0
NIP7|NIP7,717,2453,2620,1941,1869,107,476,1308,1446,1907
CHTF8|CHTF8,0,389,0,0,301,0,0,0,0,467
DERPC|DERPC,324,692,1115,908,583,73,1130,635,559,996
CDH1|CDH1,108,539,385,647,567,35,142,260,136,351
PLA2G15|PLA2G15,26,109,107,74,72,12,87,84,68,177
SLC12A4|SLC12A4,524,873,954,536,409,39,465,333,315,677
MIR328|MIR328,2,0,5,0,1,1,11,0,0,0
CKLF|CKLF,0,9,0,0,0,0,0,0,5,0
GUSB|GUSB,7166,2680,6451,7624,3236,222,3460,3320,2148,1911
MIR590|MIR590,2,5,4,4,5,0,10,4,10,4
CLDN3|CLDN3,6,0,40,23,19,2,0,17,0,4
POR|POR,1444,1712,1958,1614,2172,148,2430,1039,1323,4489
HSPB1|HSPB1,68,304,280,189,161,51,299,62,64,735
SERPINE1|SERPINE1,224,0,0,62,0,0,86,49,19,10
AZGP1|AZGP1,0,12,0,6,0,0,0,12,21,6
CYP3A26|CYP3A26,0,14,0,0,0,0,0,0,0,24
EIF2AK1|EIF2AK1,5610,1157,2048,2123,1272,156,1122,2961,1718,1698
RAC1|RAC1,956,1053,1715,1270,1564,188,2614,1394,1691,3303
ACTB|ACTB,37205,42096,37378,49954,39455,11966,168090,62900,55003,27146
MIR589|MIR589,2,4,4,3,2,0,0,2,0,0
MIR8876|MIR8876,6,9,8,2,8,1,15,8,5,7
MIR8879|MIR8879,5,6,3,0,3,3,0,0,5,0
MIR339-1|MIR339-1,84,11,26,15,22,1,3,10,4,0
SLC5A2|SLC5A2,20,50,19,24,34,11,53,6,5,104
ITGAD|ITGAD,172,748,12360,853,1679,21,582,814,211,40
CCDC189|CCDC189,49,93,58,49,39,0,11,0,35,37
TMEM265|TMEM265,30,92,9,46,66,5,193,120,59,248
SEPHS2|SEPHS2,418,948,1030,801,749,75,780,972,842,1657
MVP|MVP,12512,6547,7850,6772,7528,367,7115,2965,4501,5036
MAPK3|MAPK3,264,868,1455,925,768,102,300,205,242,1742
SULT1A1|SULT1A1,343,44,944,555,240,16,385,844,124,176
CLN3|CLN3,170,533,747,403,634,38,333,250,216,1101
C6H16orf82|C6H16orf82,2,0,0,3,0,1,0,0,0,0
SCNN1B|SCNN1B,0,4,0,0,6,0,0,0,6,0
ZP2|ZP2,0,54,0,0,49,0,0,43,40,5
MIR8878|MIR8878,1,6,0,1,4,0,7,5,8,2
MIR8875|MIR8875,2,3,0,2,2,0,0,1,3,0
RPS15A|RPS15A,6770,18863,23274,17311,16130,1792,6381,26323,16454,8022
XYLT1|XYLT1,148,788,392,315,546,36,1003,386,283,433
ABCC1|ABCC1,243,1506,672,1213,1088,130,1512,809,599,2305
NDE1|NDE1,948,1258,1261,1456,1151,91,1511,1085,1310,882
DNASE1|DNASE1,4,0,0,9,6,4,0,20,15,0
TNFRSF12A|TNFRSF12A,10,17,19,15,8,0,0,0,16,17
MIR1842|MIR1842,42,125,130,100,87,4,33,40,44,17
PKD1|PKD1,73,167,112,70,138,55,891,233,137,130
MSRB1|MSRB1,7122,11360,17071,14146,15928,625,11992,8916,11937,984
LOC100049001|LOC100049001,14,0,0,0,0,0,0,0,0,0
MIR8877|MIR8877,2,7,3,10,0,1,0,0,0,1
HAGHL|HAGHL,20,58,87,49,39,7,0,29,36,28
LOC100855540|LOC100855540,12136,1167,4123,6606,2388,227261,20021,6098,3013,9658
LOC100855558|LOC100855558,7793,745,2191,4685,1497,203794,23805,4728,2389,11818
MIR197|MIR197,3,12,11,15,17,1,25,23,33,14
TAF13|TAF13,384,306,523,592,376,30,80,400,512,870
VCAM1|VCAM1,14,0,15,0,0,0,0,0,5,0
SLC35A3|SLC35A3,422,1279,1521,1434,998,68,413,1223,1157,1203
AGL|AGL,3003,2632,3195,2518,2339,204,972,2091,2007,1132
ABCA4|ABCA4,0,0,0,0,39,0,0,0,10,0
GFI1|GFI1,59,547,1307,337,380,17,48,258,162,268
SELENOF|SELENOF,1304,2239,3581,2556,1967,202,1556,3414,4544,4021
ADGRL2|ADGRL2,4,47,43,35,184,7,27,121,123,11
ASB17|ASB17,0,0,0,0,0,0,0,0,0,0
CRYZ|CRYZ,719,341,654,346,430,32,195,532,550,3282
TNNI3K|TNNI3K,0,0,66,0,0,0,0,25,13,0
FPGT|FPGT,144,363,284,332,318,38,92,726,570,215
MIR186|MIR186,1,9,6,11,13,2,3,11,17,9
PTGER3|PTGER3,132,95,47,59,11,0,67,29,36,0
RPE65|RPE65,0,0,0,0,0,0,0,0,0,0
CHI3L1|CHI3L1,186,39,83,16,28,6,0,0,0,1261
CYB5R1|CYB5R1,297,374,427,399,268,41,322,341,327,622
TNNT2|TNNT2,10,0,0,0,0,0,0,0,0,47
PKP1|PKP1,0,147,0,120,16,7,20,11,12,0
MIR181B-1|MIR181B-1,1,1,1,0,2,0,0,3,0,0
ASPM|ASPM,31762,1625,17255,14101,4073,292,1645,6895,5685,514
IL10|IL10,21,26,36,33,30,0,0,15,8,1262
PIGR|PIGR,0,19,27,16,7,9,42,39,10,9
MIR29C-2|MIR29C-2,20,5,19,24,23,2,19,20,27,9
MIR29C-1|MIR29C-1,14,4,14,21,19,2,17,17,22,9
MIR29B-2|MIR29B-2,5,15,13,6,9,1,15,12,7,5
CD34|CD34,0,143,36,40,53,0,0,0,0,8
HSD11B1|HSD11B1,0,27,0,0,21,0,0,19,0,109
TRAF5|TRAF5,198,1624,1912,1094,957,70,477,935,656,960
XPR1|XPR1,11654,2253,6378,5176,3705,207,2023,3406,2740,1706
GLUL|GLUL,33792,13353,25693,25154,15548,1622,25918,13137,15198,41400
RNASEL|RNASEL,5066,3645,4982,5434,4423,219,1846,5920,10651,5492
NCF2|NCF2,3480,6256,6795,6703,6010,329,3696,2716,3388,11720
PTGS2|PTGS2,18,26,0,15,31,4,37,15,32,83452
ANGPTL1|ANGPTL1,44,255,105,130,223,29,152,586,363,109
MIR1843|MIR1843,5,15,8,9,18,3,19,10,16,0
FASLG|FASLG,10,559,2408,386,335,6,29,647,147,117
SELE|SELE,0,0,0,28,10,0,0,0,0,0
SELP|SELP,3216,2479,3481,4335,3525,287,14632,4111,3247,67
ATP1B1|ATP1B1,694,2242,5517,2306,2451,77,1091,1246,1064,543
DPT|DPT,0,0,15,0,8,0,19,0,0,4
TBX19|TBX19,186,83,122,190,114,19,353,456,346,0
ADCY10|ADCY10,0,0,35,0,25,0,0,30,32,18
KMO|KMO,610,224,255,370,283,27,536,424,611,1693
MIR350|MIR350,3,5,6,2,5,1,5,5,8,0
PSEN2|PSEN2,697,370,485,444,397,57,489,418,230,2223
TMEM63A|TMEM63A,466,1447,1600,1024,885,76,1191,745,665,569
CD5L|CD5L,366,71,366,239,147,14,443,189,355,1092
LMNA|LMNA,8692,632,1861,1022,415,73,1802,2125,979,1527
SSR2|SSR2,460,1188,1596,1157,1036,201,1483,1409,1346,4259
ARHGEF2|ARHGEF2,1092,4720,5002,4236,4778,364,5169,1723,2116,2423
PKLR|PKLR,103,0,64,33,0,0,53,26,24,0
KRTCAP2|KRTCAP2,488,1775,2238,1576,1331,126,742,1492,1192,177
TPM3|TPM3,4965,11942,17846,12594,12629,1617,7379,7126,9396,18309
RPS27|RPS27,172,844,788,547,472,1188,688,1295,959,1756
RAB13|RAB13,174,106,346,153,161,13,187,74,70,2789
S100A1|S100A1,0,8,5,0,8,0,0,14,20,0
S100A4|S100A4,1624,2936,6390,2236,2776,181,4940,3260,5397,367
S100A5|S100A5,0,0,0,0,8,0,0,0,0,0
S100A8|S100A8,21711,27741,34096,39992,47868,3678,58270,76362,73114,6960
ATP5F1A|ATP5F1A,3255,6097,9476,6411,4975,571,4703,5966,7559,6965
PIK3C3|PIK3C3,1450,2269,2910,2583,2516,188,1084,3382,2485,1782
SLC39A6|SLC39A6,725,1744,2211,1602,1627,102,691,1459,1212,1222
CDH2|CDH2,0,0,0,0,0,0,0,0,0,0
CABYR|CABYR,30,64,80,52,62,11,65,62,78,105
NPC1|NPC1,483,622,549,451,549,48,956,351,479,4490
MIR1-2|MIR1-2,1,1,2,2,2,0,0,3,3,0
MIR1-1|MIR1-1,1,1,0,1,1,0,0,1,1,0
MIR133A|MIR133A,2,2,0,0,3,0,6,1,11,0
SNRPD1|SNRPD1,284,556,863,471,504,43,131,550,498,792
TYMS|TYMS,3955,366,1109,1676,381,56,365,748,581,378
YES1|YES1,11,98,294,68,122,6,0,66,44,11
MIR8865|MIR8865,153,247,320,347,216,13,1788,847,1058,1
SLC7A8|SLC7A8,18,6,34,0,0,4,64,0,19,855
BCL2L2|BCL2L2,14,13,16,15,7,0,15,0,11,26
PABPN1|PABPN1,1154,2511,2409,1977,1941,132,546,327,443,3070
MIR208A|MIR208A,0,0,0,0,0,0,0,0,0,0
MYH7|MYH7,3,57,31,41,41,11,0,11,14,15
DHRS4|DHRS4,449,125,231,114,146,21,119,72,83,69
TGM1|TGM1,0,22,0,0,13,0,33,17,0,43
CMA1|CMA1,49,620,3207,473,285,27,41,190,108,153
SRP54|SRP54,1814,2939,3870,2804,2810,196,974,2951,2983,4687
PNN|PNN,491,1308,1026,808,1298,237,536,1242,847,3141
RN7SL1|RN7SL1,163926,13017,47015,99504,28705,345884,7089017,4914501,3294779,25
RPL36AL|RPL36AL,1898,3925,5407,3786,3478,307,1000,3869,2788,4259
PYGL|PYGL,9639,20792,18479,19215,18982,1285,11217,6706,8880,1111
PTGER2|PTGER2,32,167,313,83,96,7,121,130,177,987
BMP4|BMP4,11,64,232,56,69,0,30,22,4,0
LGALS3|LGALS3,2237,3670,3634,3413,4743,329,4398,2651,2981,11763
MIR8883|MIR8883,44,136,133,85,148,8,80,126,92,99
HIF1A|HIF1A,3926,10545,9614,11475,9261,589,3275,7963,6917,13216
ZBTB1|ZBTB1,602,2237,2192,1693,2042,208,853,3390,2444,5043
SPTB|SPTB,36637,206,2201,2562,982,89,2639,2131,1091,8
GPX2|GPX2,0,8,0,0,14,7,0,0,18,0
FUT8|FUT8,290,1693,1356,1476,1398,140,680,1248,1424,757
ARG2|ARG2,2425,3888,3372,3824,4637,299,4799,4655,5387,2970
COX16|COX16,35,47,51,27,36,7,18,126,80,48
SYNJ2BP|SYNJ2BP,407,998,1433,709,936,47,267,452,520,410
PSEN1|PSEN1,2167,3567,4610,3758,4278,221,2762,2424,3897,3565
NPC2|NPC2,1240,1146,1634,999,1226,72,1286,1462,1812,7550
ACYP1|ACYP1,25,60,101,78,41,3,0,50,38,60
TSHR|TSHR,8,0,0,0,3,2,0,4,0,4
MIR8884|MIR8884,5,10,15,10,15,2,23,14,19,3
GALC|GALC,413,1398,1523,1468,1258,106,723,845,761,424
TTC8|TTC8,0,0,0,0,11,0,0,8,0,17
PSMC1|PSMC1,842,1127,1473,984,913,92,471,754,778,3244
SERPINA1|SERPINA1,53820,120600,156774,144395,168201,8865,69170,48525,65322,46329
BDKRB2|BDKRB2,0,0,0,0,0,3,0,7,0,0
MIR8882|MIR8882,2,3,0,1,0,0,0,0,0,0
FN3KRP|FN3KRP,5166,744,1490,1470,867,37,576,494,463,176
HGS|HGS,164,535,293,395,400,61,936,310,322,1150
ACTG1|ACTG1,47863,48533,64238,78899,43398,4230,82984,38376,29638,18258
SGSH|SGSH,85,212,285,113,186,6,136,91,70,33
TIMP2|TIMP2,310,726,447,872,652,200,2664,639,453,592
SOCS3|SOCS3,552,220,219,252,234,8,474,145,195,560
BIRC5|BIRC5,3567,109,839,1749,267,72,507,1316,669,62
SYNGR2|SYNGR2,459,2335,2514,2356,2127,196,925,721,838,2154
MIR6516|MIR6516,9,29,29,19,28,61,17,34,38,6
ST6GALNAC2|ST6GALNAC2,267,369,424,568,508,47,328,173,192,168
RHBDF2|RHBDF2,253,161,138,176,130,29,644,216,212,594
ZACN|ZACN,0,15,0,0,0,0,39,0,10,0
SRP68|SRP68,619,1193,1571,944,1101,115,905,732,856,2140
UNK|UNK,162,692,508,347,583,84,781,442,383,573
GALK1|GALK1,301,1137,1531,1179,1123,111,1532,1498,1335,271
SUMO2|SUMO2,1247,3452,4436,3047,2376,234,1219,4671,3185,6934
JPT1|JPT1,711,1085,2010,1115,730,95,1071,772,700,696
SLC9A3R1|SLC9A3R1,60,416,148,207,236,77,649,192,75,971
SSTR2|SSTR2,3,16,7,3,8,0,29,13,5,9
MIR8885|MIR8885,287,163,274,274,178,11,204,285,203,28
ITGB3|ITGB3,8752,2013,2708,6901,3824,328,27323,5194,3577,193
GH1|GH1,8,210,44,42,49,8,54,63,22,47
DDX5|DDX5,21667,49239,53328,40869,47144,2442,15425,32345,31406,59574
ARSG|ARSG,0,140,200,90,43,8,97,50,30,80
KCNJ16|KCNJ16,471,583,330,322,1151,56,566,268,818,53
KCNJ2|KCNJ2,784,652,1046,1099,1282,183,2622,688,1260,120
GJC1|GJC1,6,3,0,2,2,0,0,0,0,5
ITGA2B|ITGA2B,11095,4700,5127,14416,8564,614,50863,7872,6971,545
SLC4A1|SLC4A1,20311,115,1821,2250,724,70,860,1126,744,12
BRCA1|BRCA1,1043,2027,1568,1459,1826,174,579,830,878,92
RPL27|RPL27,2702,7251,9427,7330,5830,699,4426,10496,7175,4649
G6PC|G6PC,126,0,0,0,10,0,0,0,0,58
CCDC56|CCDC56,204,377,635,419,406,18,335,617,460,255
TUBG1|TUBG1,1297,334,1544,977,551,24,413,1067,390,372
RAB5C|RAB5C,2528,1922,3551,2267,2333,113,842,767,784,2947
JUP|JUP,35,283,123,228,169,25,155,103,48,296
EIF1|EIF1,8519,1513,1228,3062,2627,373,9013,8508,5252,30945
KRT12|KRT12,0,0,0,0,0,0,0,0,0,0
KRT222|KRT222,0,2,0,10,0,0,0,13,7,0
RARA|RARA,177,815,346,585,663,315,4342,755,545,2286
THRA|THRA,13,193,92,159,114,37,166,93,57,152
PGAP3|PGAP3,15,42,0,0,29,10,47,29,32,56
TCAP|TCAP,50,68,77,51,100,0,40,37,16,47
RPL19|RPL19,13848,20575,31817,23900,22558,2828,20856,53935,28505,23278
RPL23|RPL23,6269,11458,13736,10747,9452,951,2559,12140,7000,8651
PSMB3|PSMB3,801,1439,2139,1658,1457,111,1827,2773,2405,2165
GNGT2|GNGT2,186,616,1060,310,604,38,372,145,217,132
PHB|PHB,294,381,594,362,297,50,434,459,463,905
XYLT2|XYLT2,64,372,631,240,228,32,213,200,139,413
NME1|NME1,189,456,870,443,228,32,360,629,856,425
NME2|NME2,789,707,772,572,482,142,876,1093,1193,891
MIR1844|MIR1844,3,10,9,2,5,1,2,7,4,0
MIR142|MIR142,28,151,145,119,135,3,41,47,35,47
MIR301A|MIR301A,0,1,0,0,0,0,0,1,0,0
MIR454|MIR454,1,6,0,7,3,1,0,5,1,0
MIR21|MIR21,47,62,45,58,79,2,31,40,69,7
TUBD1|TUBD1,151,176,187,150,150,16,171,192,179,109
TBX4|TBX4,0,0,0,0,0,0,0,0,0,0
CCL4|CCL4,4,304,1302,303,210,9,88,244,47,22101
CCL3|CCL3,0,5,0,0,0,0,0,0,0,36820
LOC480600|LOC480600,5,91,80,20,150,0,0,11,13,199
CCL5|CCL5,28,856,2477,379,210,25,178,347,104,3051
MIR632|MIR632,12,38,20,28,36,0,0,6,5,9
LGALS9|LGALS9,64389,2269,9174,16607,5263,495,6199,10512,8300,11642
NOS2|NOS2,15,28,22,10,39,5,0,15,30,0
POLDIP2|POLDIP2,413,716,936,549,567,54,342,323,306,862
ALDOC|ALDOC,66,108,96,59,72,45,262,118,109,1004
MIR451|MIR451,5693,85,3723,3763,474,81,457,2305,1081,0
MIR144|MIR144,52,1,3,2,1,0,0,11,2,0
CRYBA1|CRYBA1,0,16,0,0,0,0,0,58,10,5
SLC6A4|SLC6A4,171,7,39,125,33,0,107,92,32,8
SERPINF1|SERPINF1,0,0,0,5,13,0,26,3,16,22
TRPV1|TRPV1,11,23,46,0,16,0,41,31,30,24
FUT7|FUT7,79,283,311,251,286,14,280,158,406,20
ABO|ABO,0,28,0,0,0,0,0,5,74,0
RPL7A|RPL7A,7393,18899,24580,15415,13925,1186,14234,22236,17876,19082
ADAMTS13|ADAMTS13,0,0,0,0,0,0,12,3,0,0
GBGT1|GBGT1,212,723,712,551,521,63,888,498,386,1347
PTGES|PTGES,0,6,0,0,5,0,0,0,4,2275
MIR8887|MIR8887,31,27,19,11,15,3,6,11,13,13
MIR199-3|MIR199-3,0,0,0,2,0,0,0,0,0,0
DNM1|DNM1,51,74,0,74,51,0,242,53,67,18
PTGES2|PTGES2,30,31,78,22,37,0,0,23,5,10
AK1|AK1,181,62,104,137,85,0,80,87,44,17
RPL12|RPL12,26867,25224,39756,43207,25343,2531,13159,32125,19059,14068
SLC2A8|SLC2A8,606,89,295,326,105,13,281,231,145,23
MIR181A-2|MIR181A-2,1,0,0,0,0,0,0,2,0,0
PSMB7|PSMB7,1620,1857,2958,2107,1745,128,977,2533,2082,1855
PTGS1|PTGS1,806,618,824,1398,823,131,5889,2151,1031,211
GGTA1|GGTA1,3764,9690,11654,6983,7489,591,4879,9011,7767,32258
ARSL|ARSL,14,70,39,53,31,8,34,40,36,34
TLR7|TLR7,36,582,251,350,359,21,60,321,355,1009
RAB9A|RAB9A,726,1905,2063,1823,1733,88,767,1317,1312,3477
ACE2|ACE2,0,1505,0,147,18,8,0,26,6,263
USP11|USP11,1391,2485,2683,1976,2407,206,1685,1148,916,3266
TIMP1|TIMP1,207,220,289,358,283,331,3170,593,410,457
GLOD5|GLOD5,254,5,75,86,39,0,0,68,14,0
SLC35A2|SLC35A2,39,85,123,99,70,0,117,69,53,242
FOXP3|FOXP3,0,29,23,0,30,0,18,0,7,78
MIR532|MIR532,1,1,0,0,1,0,0,0,0,0
CCNB3|CCNB3,855,166,221,413,105,18,123,318,307,8
CYBB|CYBB,8052,14356,16122,15904,14281,720,11174,8090,14801,3780
DYNLT3|DYNLT3,1440,2444,5551,2792,2813,171,641,3434,2435,2472
RPGR|RPGR,608,1459,1208,926,1175,72,690,1082,1051,285
MAOA|MAOA,414,656,713,415,478,31,253,349,362,220
MAOB|MAOB,0,149,0,45,0,0,0,0,0,0
KDM6A|KDM6A,3066,4496,3895,3390,4229,225,2113,3233,2772,2739
DMD|DMD,114,125,70,70,78,0,70,28,87,250
TMEM47|TMEM47,14,0,0,0,0,0,0,9,0,432
KDM5C|KDM5C,1083,2535,923,1450,2072,191,3249,1295,1329,2035
MIR223|MIR223,46,241,236,160,269,18,321,202,261,121
AR|AR,0,0,3,0,11,0,0,0,0,0
IL2RG|IL2RG,27,152,68,73,109,60,1018,286,310,17406
CXCR3|CXCR3,0,64,41,46,21,6,41,11,22,614
RPS4X|RPS4X,69108,25675,60153,81482,38830,6021,31542,59781,44888,27027
MIR545|MIR545,0,0,0,0,1,1,0,0,4,0
MIR374A|MIR374A,0,1,2,0,1,0,0,0,2,0
MIR421|MIR421,12,31,28,30,25,2,24,26,26,10
MIR374B|MIR374B,11,24,25,22,21,3,17,25,38,5
BEX4|BEX4,30,112,148,91,76,9,22,114,36,119
COL4A5|COL4A5,29,0,0,0,0,0,0,0,0,0
MIR652|MIR652,2,5,0,3,1,0,1,0,0,0
MIR448|MIR448,0,0,0,0,0,0,0,0,0,0
HTR2C|HTR2C,40,6,18,5,0,0,0,18,2,0
IL13RA2|IL13RA2,10,17,59,0,17,0,0,24,22,35
PGRMC1|PGRMC1,788,1613,2260,2832,2002,162,2052,2234,1853,3709
LOC403555|LOC403555,574,473,806,563,522,18,135,283,313,908
XIAP|XIAP,753,949,1176,1090,1073,62,568,1020,1150,1065
SLC25A14|SLC25A14,27,126,134,129,87,6,48,198,125,65
HPRT1|HPRT1,2115,3463,4752,2799,3780,215,1219,2524,2634,1684
FAM122B|FAM122B,319,114,90,52,91,16,94,258,213,113
HTATSF1|HTATSF1,4931,2199,4007,2238,1729,126,529,782,820,1786
CD40LG|CD40LG,115,423,324,249,244,32,371,434,212,305
MIR505|MIR505,1,2,0,0,5,0,0,0,1,0
IDS|IDS,4857,595,547,1092,522,28,938,411,484,618
VMA21|VMA21,42,66,60,45,83,14,64,168,153,60
SSR4|SSR4,802,1420,2066,1955,1609,204,2634,3568,2615,1630
AVPR2|AVPR2,35,145,45,88,110,7,115,18,43,10
MPP1|MPP1,2124,2612,3840,3074,3569,142,2412,910,1067,10699
F8|F8,16,281,217,157,217,28,73,96,109,76
FUNDC2|FUNDC2,5347,796,1929,1914,1053,55,361,941,1128,830
CLIC2|CLIC2,4958,66,815,1088,300,23,254,1106,770,679
MC4R|MC4R,0,0,0,0,0,0,0,0,0,1
MIR122|MIR122,0,0,0,0,0,0,0,0,0,0
TAAR5|TAAR5,0,0,0,0,0,0,0,0,0,0
TAAR4|TAAR4,0,0,0,0,0,1,0,0,0,0
MIR8873B|MIR8873B,0,0,0,0,0,0,0,0,0,0
NOX3|NOX3,0,0,0,0,0,0,0,0,0,0
MAS1|MAS1,0,0,0,0,0,0,0,0,0,0
SLC22A2|SLC22A2,0,0,0,0,0,0,0,0,0,0
PLG|PLG,0,0,0,0,0,1,0,1,0,0
TBXT|TBXT,0,0,0,0,0,0,0,0,0,0
THBS2|THBS2,0,0,0,6,0,0,3,0,0,54
GJA1|GJA1,0,23,6,7,10,0,0,6,4,32
MIR24-1|MIR24-1,0,2,3,4,4,2,0,2,2,7
MIR204|MIR204,0,0,0,0,0,0,0,0,0,0
SLC1A1|SLC1A1,0,3,0,0,0,0,0,0,0,0
TMEM190|TMEM190,0,0,0,0,0,0,0,0,0,0
VN1R4|VN1R4,0,0,0,0,0,0,0,3,0,0
MIR125A|MIR125A,0,0,0,0,0,0,0,0,0,1
MIRLET7E|MIRLET7E,0,0,0,0,0,0,0,0,0,0
MIR99B|MIR99B,0,0,1,0,0,0,0,0,0,0
KLK14|KLK14,0,0,0,0,0,0,0,0,0,0
KLK10|KLK10,0,0,0,0,0,0,0,0,0,0
KLK9|KLK9,0,0,0,0,0,0,0,0,0,0
KLK8|KLK8,0,0,0,0,0,0,0,0,0,0
KLK7|KLK7,0,0,0,0,0,0,0,0,0,0
KLK6|KLK6,0,0,0,0,0,0,0,0,0,0
KLK5|KLK5,0,0,0,0,0,0,0,0,0,0
KLK4|KLK4,0,0,4,0,0,0,0,0,0,0
KLK2|KLK2,0,0,0,0,0,0,0,0,0,0
KLK1|KLK1,0,0,0,0,0,0,0,0,0,0
MIR8890|MIR8890,0,1,0,0,1,0,0,0,0,0
ELSPBP1|ELSPBP1,0,5,0,0,0,4,0,15,0,0
CRX|CRX,0,0,0,0,0,5,0,0,0,6
MIR769|MIR769,0,0,0,3,2,0,0,0,0,0
MIR330|MIR330,0,5,0,3,2,0,0,0,1,0
CKM|CKM,0,0,0,0,0,0,0,0,0,0
APOC2|APOC2,0,0,0,0,0,0,0,0,0,0
GRIK5|GRIK5,0,0,0,0,0,0,0,0,0,0
CYP2A7|CYP2A7,0,0,0,0,0,0,0,0,0,0
CYP2A13|CYP2A13,0,0,0,0,0,0,0,0,0,0
MIR8892|MIR8892,0,2,0,0,2,1,0,0,0,0
CANFAMV1R558|CANFAMV1R558,0,0,0,0,0,0,0,0,0,0
PRODH2|PRODH2,0,0,0,0,0,0,0,0,0,0
ATP4A|ATP4A,0,0,0,0,0,0,0,0,0,0
KRTDAP|KRTDAP,0,0,0,0,0,0,0,0,0,5
HAMP|HAMP,0,0,0,0,0,0,0,0,0,5
SLC7A9|SLC7A9,0,0,0,0,0,0,0,0,0,0
MIR578|MIR578,0,0,0,0,1,0,0,0,1,0
AVPR1A|AVPR1A,0,0,0,4,0,0,0,0,0,0
MIRLET7B|MIRLET7B,0,1,3,3,0,1,0,0,0,0
MIRLET7A-1|MIRLET7A-1,0,0,0,0,0,0,0,0,0,0
MIR33A|MIR33A,0,0,0,0,0,0,0,0,0,0
MCHR1|MCHR1,0,0,0,0,0,0,0,0,0,37
MIR8790|MIR8790,0,0,0,0,0,0,0,0,0,0
LGALS2|LGALS2,0,0,0,0,6,0,0,0,0,0
MIR8828|MIR8828,0,2,0,0,3,0,0,4,0,0
SSTR3|SSTR3,0,0,0,0,0,0,0,0,0,0
MIR8827|MIR8827,0,0,5,0,0,0,0,0,0,0
MIR8799C|MIR8799C,0,1,0,0,0,1,1,0,0,0
MIR8826|MIR8826,0,0,0,0,0,0,0,0,0,0
CNGA3|CNGA3,0,0,0,0,0,0,0,0,0,0
GTF2A1L|GTF2A1L,0,0,0,0,0,0,0,0,0,0
MIR217|MIR217,0,0,0,0,0,0,0,0,0,2
MIR216A|MIR216A,0,0,0,0,0,0,0,0,0,0
MIR216B|MIR216B,0,0,0,0,0,0,0,0,0,0
PROP1|PROP1,0,0,0,0,0,0,0,0,0,0
MIR8830-1|MIR8830-1,0,0,0,0,0,0,0,0,0,0
MIR8830-2|MIR8830-2,0,0,0,0,0,0,0,0,1,0
IL3|IL3,0,0,0,0,0,0,0,0,0,0
CSF2|CSF2,0,0,0,0,0,0,0,0,0,24212
IL13|IL13,0,0,0,0,0,0,0,0,0,8
MIR874|MIR874,0,0,0,0,0,0,0,0,5,0
MIR491|MIR491,0,0,2,0,1,1,0,2,3,0
IFNB1|IFNB1,0,0,0,0,0,0,0,0,0,1995
MIR31|MIR31,0,0,0,0,0,0,0,0,0,0
MIR8831|MIR8831,0,0,0,0,0,0,0,0,0,0
MIR876|MIR876,0,0,0,0,0,0,0,0,0,0
CCL21|CCL21,0,0,0,0,0,0,0,0,0,0
CA9|CA9,0,0,0,0,0,0,0,0,0,9
OR13F1B|OR13F1B,0,0,0,0,0,0,0,2,0,0
OR13C1|OR13C1,0,0,0,0,0,0,0,0,0,0
MIR32|MIR32,0,0,0,0,0,0,0,0,0,0
MIR455|MIR455,0,0,0,0,0,1,0,0,0,0
CYP21A2|CYP21A2,0,0,0,0,0,0,0,0,0,0
MIR219-1|MIR219-1,0,0,6,3,0,0,2,2,5,0
MLN|MLN,0,0,0,0,0,0,0,0,0,0
MIR8832|MIR8832,0,0,0,0,0,0,0,0,0,0
CLPS|CLPS,0,0,0,0,0,0,0,0,0,0
PNPLA1|PNPLA1,0,0,0,0,0,0,0,0,0,8
DEFB112|DEFB112,0,0,0,0,0,0,0,0,0,0
TFAP2B|TFAP2B,0,0,0,0,0,0,0,15,0,7
MIR206|MIR206,0,0,0,0,0,0,0,0,0,0
MIR133B|MIR133B,0,0,0,0,0,0,0,0,0,0
IL17A|IL17A,0,0,0,0,0,0,0,5,0,55
HCRTR2|HCRTR2,0,0,0,0,0,0,0,0,0,0
MIR30C-2|MIR30C-2,0,0,1,0,0,0,0,0,0,0
MIR30A|MIR30A,0,0,0,0,0,0,0,2,0,0
HTR1B|HTR1B,0,0,0,0,0,0,0,0,0,0
MIR8834A-2|MIR8834A-2,0,1,1,0,0,0,1,0,1,0
MIR8834A-1|MIR8834A-1,0,1,2,0,1,0,1,0,1,0
MIR8799F|MIR8799F,0,0,0,0,0,0,0,0,0,0
SNAP91|SNAP91,0,0,0,0,0,0,0,0,0,0
CGA|CGA,0,4,4,0,0,0,0,11,0,96
MIR8833|MIR8833,0,0,0,0,0,0,0,0,0,0
FUT9|FUT9,0,0,0,0,0,0,0,0,0,0
MCHR2|MCHR2,0,0,0,0,0,0,0,0,0,0
MIR8836|MIR8836,0,0,0,0,0,0,0,0,0,0
ANXA13|ANXA13,0,0,0,0,0,0,0,0,4,0
MIR30B|MIR30B,0,0,0,0,1,0,0,0,4,0
MIR30D|MIR30D,0,1,0,0,1,0,0,0,2,0
MIR151|MIR151,0,0,0,0,0,0,0,0,0,0
CNGA1|CNGA1,0,13,0,13,9,2,0,0,8,144
GNRHR|GNRHR,0,0,0,0,0,0,0,0,0,0
SULT1B1|SULT1B1,0,0,0,0,0,0,0,18,0,11
CSN2|CSN2,0,0,0,0,0,0,0,0,0,0
ODAM|ODAM,0,0,0,0,0,0,0,0,0,0
ALB|ALB,0,0,0,0,0,0,0,0,0,15
AFP|AFP,0,0,0,0,0,0,0,0,0,0
OR2T11|OR2T11,0,0,0,0,0,0,0,0,0,0
MIR335|MIR335,0,0,0,0,0,0,0,0,0,0
MIR183|MIR183,0,0,0,0,0,0,0,0,0,0
MIR96|MIR96,0,0,0,0,0,2,0,0,0,0
MIR182|MIR182,0,0,0,0,0,0,0,0,0,0
LEP|LEP,0,0,0,0,0,10,0,17,16,4
MIR129-1|MIR129-1,0,2,0,0,1,0,0,0,0,0
MIR592|MIR592,0,0,0,0,0,0,0,0,0,0
CALCR|CALCR,0,0,0,0,0,3,0,0,0,4
MIR653|MIR653,0,0,0,0,0,0,0,0,0,0
MIR489|MIR489,0,0,0,0,0,0,0,0,0,0
GNGT1|GNGT1,0,0,0,0,0,0,0,0,0,0
PEG10|PEG10,0,0,0,0,0,4,0,14,0,0
CAFA-T2R2|CAFA-T2R2,0,0,0,0,0,0,0,0,0,0
CRSP-4|CRSP-4,0,0,0,0,0,0,0,0,0,0
NPVF|NPVF,0,0,0,0,0,0,0,0,0,0
MIR148A|MIR148A,0,0,0,0,0,0,0,0,0,0
MIRLET7J|MIRLET7J,0,0,0,0,0,0,0,0,0,0
MIR196B|MIR196B,0,0,0,0,0,1,0,0,0,0
HOXA10|HOXA10,0,0,0,0,0,0,0,0,0,0
CAV1|CAV1,0,0,0,0,11,0,0,0,0,0
CFTR|CFTR,0,0,0,0,0,0,0,0,0,0
GUCA2A|GUCA2A,0,0,0,0,0,0,0,0,0,0
MIR8839|MIR8839,0,2,5,2,0,0,0,2,2,0
EDN2|EDN2,0,0,0,0,0,0,0,0,0,0
MIR30C-1|MIR30C-1,0,1,1,0,2,0,0,2,2,0
MIR30E|MIR30E,0,3,0,3,1,1,1,0,0,0
RSPO1|RSPO1,0,0,0,0,0,0,0,0,0,0
CYP4A38|CYP4A38,0,0,0,0,0,0,0,0,0,0
CYP4A37|CYP4A37,0,0,0,0,0,0,0,0,0,0
CYP4A11|CYP4A11,0,0,0,0,0,0,0,0,0,0
OR11J6|OR11J6,0,0,0,0,0,0,0,0,0,0
OR11G5|OR11G5,0,0,0,0,0,1,0,4,0,0
OR11G2B|OR11G2B,0,0,0,0,0,0,0,0,0,0
OR11G9|OR11G9,0,0,0,0,0,1,0,4,10,0
LOC475395|LOC475395,0,0,0,0,0,4,0,0,0,0
MIR8838|MIR8838,0,0,0,0,0,0,0,0,0,0
NTS|NTS,0,0,0,0,0,0,0,0,0,0
KITLG|KITLG,0,0,13,0,55,0,0,0,0,0
MIR8840|MIR8840,0,0,4,0,0,0,0,0,0,0
MIR331|MIR331,0,0,8,0,2,0,0,7,5,0
MIR135A-2|MIR135A-2,0,0,0,0,0,0,0,0,0,0
SFRP2|SFRP2,0,0,0,0,0,0,0,0,0,0
NPY1R|NPY1R,0,0,0,0,0,0,0,0,0,0
NPY5R|NPY5R,0,0,0,0,0,0,0,0,0,0
MIR8862|MIR8862,0,0,0,0,0,0,0,0,0,0
MIR8849|MIR8849,0,3,0,0,1,0,0,2,6,0
MIR8852|MIR8852,0,1,0,0,0,0,0,0,0,0
OR2F1|OR2F1,0,0,0,0,0,0,0,0,0,0
TAS2R41|TAS2R41,0,0,0,0,0,1,0,0,0,0
MIR490|MIR490,0,0,0,0,0,0,0,0,0,0
MIR8847|MIR8847,0,0,0,0,0,0,0,0,0,0
MIR8863|MIR8863,0,0,1,0,0,0,10,2,1,1
NOS3|NOS3,0,0,6,0,0,0,0,3,0,6
MIR8850|MIR8850,0,0,0,0,0,0,0,0,0,0
MIR8851|MIR8851,0,0,0,0,0,0,0,0,0,0
MIR153|MIR153,0,0,0,0,1,0,0,0,0,0
MIR486|MIR486,0,0,0,0,0,0,0,0,0,0
MIR8799D|MIR8799D,0,0,0,0,1,0,0,1,0,0
STAR|STAR,0,5,0,0,0,0,7,5,0,0
ADRB3|ADRB3,0,8,0,4,2,2,14,0,0,0
MIR383|MIR383,0,0,0,0,0,0,0,0,0,0
DEFB1|DEFB1,0,0,0,0,0,0,0,0,0,0
DEFB4A|DEFB4A,0,0,0,0,0,0,0,0,0,3
CBD103|CBD103,0,0,0,0,17,0,0,25,5,0
SPAG11E|SPAG11E,0,0,0,0,0,0,0,0,0,0
SPAG11B|SPAG11B,0,0,0,0,0,0,0,0,0,0
DEFB105A|DEFB105A,0,0,0,0,0,0,0,0,0,0
TPO|TPO,0,0,0,0,0,0,0,6,0,0
MIR8846|MIR8846,0,0,0,0,0,0,0,0,0,0
MIR8845|MIR8845,0,0,0,0,0,0,0,0,0,0
MIR1301|MIR1301,0,1,3,3,9,2,0,6,1,0
PCARE|PCARE,0,0,0,0,0,0,0,0,0,0
MAL|MAL,0,12,0,0,20,0,0,3,0,4
PAX8|PAX8,0,0,0,0,0,0,0,0,0,0
FOXI3|FOXI3,0,0,0,0,0,0,0,0,0,0
FABP1|FABP1,0,0,0,0,0,0,0,0,0,0
LOC100687463|LOC100687463,0,0,0,0,0,0,0,0,0,0
REG3A|REG3A,0,0,0,0,0,0,0,0,0,0
TACR1|TACR1,0,7,0,0,0,0,0,0,0,0
NGF|NGF,0,0,0,0,0,2,0,0,0,0
HSD3B2|HSD3B2,0,0,0,0,0,2,0,0,0,0
GJA5|GJA5,0,0,0,0,0,0,0,0,0,0
CGN|CGN,0,26,0,0,0,0,0,0,0,0
SMCP|SMCP,0,0,0,0,0,0,0,0,0,0
MIR8844|MIR8844,0,0,0,0,0,0,0,0,0,0
MIR129-2|MIR129-2,0,0,0,0,0,0,0,0,0,0
MIR1343|MIR1343,0,3,0,0,1,1,0,12,5,0
OR10AG65|OR10AG65,0,0,0,0,0,1,0,0,0,0
OR5I1|OR5I1,0,0,0,0,0,1,0,0,0,0
OR5L1C|OR5L1C,0,0,0,0,0,0,0,3,0,0
MIR8861|MIR8861,0,0,0,0,0,1,0,0,0,0
H19|H19,0,0,0,0,0,0,0,9,0,0
INS|INS,0,0,0,0,0,0,0,0,0,0
TH|TH,0,0,0,0,0,0,0,0,0,0
MIR8859B|MIR8859B,0,1,0,0,0,0,18,6,2,0
MRGPRG|MRGPRG,0,0,0,0,0,3,0,0,0,0
MIR8860|MIR8860,0,0,0,0,0,0,0,0,0,0
MRGPRF|MRGPRF,0,0,0,0,0,0,0,0,0,0
GAL|GAL,0,0,0,0,0,0,0,0,0,0
MIR192|MIR192,0,0,0,0,0,0,0,0,0,1
LGALS12|LGALS12,0,4,0,0,0,0,0,44,0,6
PGA|PGA,0,0,62,0,0,0,0,0,0,0
UCP1|UCP1,0,0,0,0,0,0,0,0,0,0
CLGN|CLGN,0,0,0,0,0,0,0,0,0,0
MIR8857|MIR8857,0,0,0,0,0,0,0,0,0,0
SMIM43|SMIM43,0,0,0,0,0,0,0,0,0,0
PROC|PROC,0,0,0,0,0,0,0,0,0,53
MIR128-1|MIR128-1,0,0,0,0,0,0,2,0,0,0
GAD2|GAD2,0,0,0,0,0,0,0,0,0,0
MIR8864-1|MIR8864-1,0,1,1,0,4,1,0,1,0,0
MIR8864-4|MIR8864-4,0,1,1,0,4,1,0,1,0,0
ST8SIA6|ST8SIA6,0,0,0,0,0,0,0,0,0,0
AKR1C3|AKR1C3,0,0,0,0,0,0,0,0,0,0
SPINK5|SPINK5,0,0,0,0,0,0,0,0,0,0
GPX8|GPX8,0,0,9,0,0,0,0,5,0,0
MIR449A|MIR449A,0,0,0,0,0,0,0,0,0,0
MIR449B|MIR449B,0,0,0,0,0,0,0,0,0,0
MIR582|MIR582,0,0,0,0,0,0,0,0,0,0
HTR1A|HTR1A,0,0,0,0,0,0,0,0,0,0
MIR8813-2|MIR8813-2,0,0,0,1,0,1,0,0,0,0
MIR8818|MIR8818,0,0,0,0,0,1,5,0,3,0
CNGB1|CNGB1,0,0,0,0,0,0,0,0,0,0
CCL17|CCL17,0,0,0,0,0,0,0,0,0,64
CX3CL1|CX3CL1,0,0,0,0,0,0,0,0,0,0
MIR138B|MIR138B,0,0,0,6,0,0,0,0,0,0
CES5A|CES5A,0,0,0,0,0,0,0,0,0,3
CES1|CES1,0,0,0,0,0,3,0,0,0,0
SLC6A2|SLC6A2,0,0,0,0,0,0,0,0,0,0
HTR1D|HTR1D,0,0,2,0,0,0,0,0,5,0
TAS1R2|TAS1R2,0,0,0,0,0,0,0,0,0,0
MIR8896|MIR8896,0,1,9,8,5,2,61,16,7,0
NPPA|NPPA,0,3,0,11,0,0,0,0,0,0
MIR8894|MIR8894,0,0,0,0,0,0,0,0,0,0
RHO|RHO,0,0,0,0,0,0,0,0,0,0
MIR885|MIR885,0,0,0,0,0,0,0,0,0,0
OXTR|OXTR,0,0,0,0,0,0,0,0,0,0
CAV3|CAV3,0,0,0,0,0,0,0,0,0,0
WNT5A|WNT5A,0,0,0,0,0,0,0,0,0,0
MIR8799A|MIR8799A,0,1,0,0,0,0,0,2,3,0
GNAT1|GNAT1,0,0,0,0,0,0,0,4,0,0
MIR8801|MIR8801,0,1,0,0,2,0,0,9,3,0
MIR8803|MIR8803,0,3,0,3,0,0,0,0,0,1
INSL3|INSL3,0,0,0,0,0,0,0,0,0,0
SLC1A6|SLC1A6,0,0,0,0,0,0,0,0,0,0
OR7A74|OR7A74,0,0,0,0,0,2,0,0,0,0
MIR1199|MIR1199,0,1,0,0,0,0,9,0,0,0
MIR181D|MIR181D,0,0,0,0,0,0,0,0,0,3
MIR181C|MIR181C,0,0,0,0,0,0,0,0,0,3
MIR199-1|MIR199-1,0,3,0,1,1,0,3,0,1,2
CCL25|CCL25,0,0,0,0,0,0,0,0,0,0
FUT5|FUT5,0,0,0,0,0,3,0,0,0,0
MIR7-3|MIR7-3,0,0,0,0,0,0,0,0,0,0
MIR8804|MIR8804,0,4,0,5,3,0,0,0,0,3
MIR8802|MIR8802,0,0,0,0,0,0,0,0,0,0
AMH|AMH,0,0,0,0,0,0,0,0,4,0
MIR8805|MIR8805,0,0,0,0,0,0,0,0,0,0
MIR8899|MIR8899,0,0,0,0,0,1,0,0,0,0
PGR|PGR,0,0,0,0,0,0,0,0,0,0
MIR8812|MIR8812,0,0,0,0,0,0,0,0,0,0
TYR|TYR,0,0,0,0,0,0,0,0,0,0
MIR708|MIR708,0,0,0,0,0,1,0,1,0,0
MIR1838|MIR1838,0,0,0,0,0,0,22,2,3,2
MIR139|MIR139,0,0,0,0,0,0,0,0,0,0
OR55B1|OR55B1,0,5,0,0,5,0,0,19,0,0
OR51T1|OR51T1,0,0,0,0,0,2,0,0,0,0
OR51P1|OR51P1,0,0,0,0,0,0,0,0,0,0
OR52J8|OR52J8,0,0,0,0,0,2,0,0,0,0
COR52A16|COR52A16,0,0,0,0,0,2,0,0,0,0
OR52P1|OR52P1,0,0,4,0,0,0,0,0,0,0
OR56B2|OR56B2,0,0,0,0,0,0,0,3,0,0
OR52N2G|OR52N2G,0,0,0,0,0,1,0,0,0,0
OR56A3C|OR56A3C,0,0,0,0,0,0,0,0,0,0
OR6B9|OR6B9,0,0,0,0,0,0,0,0,0,0
OR2D3|OR2D3,0,0,0,0,0,1,0,0,0,0
OR10A3|OR10A3,0,0,0,0,0,0,0,0,0,0
ADM|ADM,0,0,0,0,0,0,0,0,0,981
CALCB|CALCB,0,0,0,0,0,0,0,0,0,0
CRSP-3|CRSP-3,0,0,0,0,0,0,0,0,0,0
CRSP-2|CRSP-2,0,0,0,0,0,0,0,0,0,0
CALCA|CALCA,0,0,0,0,0,0,0,0,0,37
KCNC1|KCNC1,0,0,0,0,0,0,0,0,0,0
TPH1|TPH1,0,0,0,0,0,0,0,0,0,0
LDHC|LDHC,0,0,0,0,0,0,0,0,0,0
ANO5|ANO5,0,41,0,19,95,0,43,23,38,163
SLC17A6|SLC17A6,0,0,0,0,0,0,0,0,0,0
CCDC179|CCDC179,0,0,0,0,0,0,0,0,0,0
BDNF|BDNF,0,0,0,0,0,0,0,1,0,0
CBLIF|CBLIF,0,0,0,0,0,0,0,0,0,0
MIR8813-1|MIR8813-1,0,0,0,0,1,0,17,0,2,0
MIR16-1|MIR16-1,0,0,0,0,1,0,0,2,3,0
MIR8814|MIR8814,0,0,0,0,0,1,0,0,0,0
MIR759|MIR759,0,0,0,0,0,0,0,0,0,0
DCT|DCT,0,0,0,0,0,0,0,0,0,0
SLC15A1|SLC15A1,0,0,0,21,0,0,0,0,0,98
SLC10A2|SLC10A2,0,0,0,0,0,0,0,0,0,0
MIR138A|MIR138A,0,0,0,0,0,0,0,0,0,0
MIR128-2|MIR128-2,0,0,0,0,0,0,0,0,0,0
MIR26A-1|MIR26A-1,0,0,0,0,0,0,0,0,0,0
SCN5A|SCN5A,0,10,0,0,0,0,0,0,0,0
SCN10A|SCN10A,0,0,0,0,0,0,0,0,0,0
MIR8806|MIR8806,0,2,0,0,0,0,0,1,0,0
CPB1|CPB1,0,0,0,0,0,0,0,0,0,0
MME|MME,0,0,0,0,0,0,0,0,0,0
MIR8808|MIR8808,0,0,0,0,0,0,0,0,0,0
THBD|THBD,0,0,0,14,0,4,0,0,0,27
AVP|AVP,0,0,0,0,0,0,0,0,0,0
DEFB132|DEFB132,0,0,0,0,0,0,0,0,0,0
DEFB129|DEFB129,0,0,0,0,0,0,0,0,0,0
DEFB128|DEFB128,0,0,0,0,0,0,0,0,0,0
DEFB127|DEFB127,0,0,0,0,0,0,0,0,0,0
DEFB126|DEFB126,0,0,0,0,0,0,0,0,0,0
DEFB116|DEFB116,0,0,0,0,0,0,0,0,0,0
DEFB118|DEFB118,0,0,0,0,0,0,0,0,0,0
DEFB119|DEFB119,0,0,0,0,0,0,0,0,0,0
DEFB122|DEFB122,0,0,0,0,0,0,0,0,0,0
MIR499|MIR499,0,0,0,0,0,0,4,0,0,0
GHRH|GHRH,0,0,0,0,0,0,0,0,0,0
WFDC2|WFDC2,0,0,0,0,0,0,0,0,0,0
CE10|CE10,0,0,0,0,0,0,0,0,0,0
IL29L|IL29L,0,2,0,0,0,0,0,0,4,0
MC3R|MC3R,0,0,0,0,0,3,0,0,0,0
BMP7|BMP7,0,0,0,0,0,0,0,0,0,0
PCK1|PCK1,0,0,0,0,0,0,0,0,0,0
MIR124-3|MIR124-3,0,0,0,0,0,1,0,0,1,0
MIR124-2|MIR124-2,0,0,0,0,0,1,0,0,1,0
RXFP2|RXFP2,0,0,0,0,0,0,0,0,0,0
PDX1|PDX1,0,0,0,0,0,0,0,0,0,0
SGCG|SGCG,0,0,0,0,0,0,0,0,0,0
GJB2|GJB2,0,5,0,0,0,0,0,0,8,4
GATA4|GATA4,0,0,0,0,0,0,0,0,0,0
MIR8820|MIR8820,0,0,0,0,0,0,0,0,0,0
MIR124-1|MIR124-1,0,0,0,0,0,1,0,0,0,0
MIR8821|MIR8821,0,2,4,1,4,2,25,15,7,9
ADRA1A|ADRA1A,0,0,0,0,0,0,0,0,0,0
MIR320|MIR320,0,0,0,0,0,0,0,0,0,0
CCL20|CCL20,0,0,0,0,0,0,0,0,0,12
UGT1A6|UGT1A6,0,0,0,0,0,0,0,0,0,0
MIR8823|MIR8823,0,0,0,0,0,1,0,0,0,0
COL6A3|COL6A3,0,7,0,0,0,0,0,0,0,24
cOR9S7P|cOR9S7P,0,1,0,0,0,0,0,0,0,0
MIR149|MIR149,0,0,0,0,0,1,0,0,0,0
KIF1A|KIF1A,0,0,0,0,0,6,0,0,0,0
TMEM132C|TMEM132C,0,0,4,0,14,8,0,0,14,4
HCAR1|HCAR1,0,0,0,0,0,0,0,7,0,12
IL31|IL31,0,0,0,0,0,0,0,0,0,0
HSPB8|HSPB8,0,0,0,0,0,0,0,0,0,0
PLA2G1B|PLA2G1B,0,0,0,0,0,0,0,0,0,1
CRYBB2|CRYBB2,0,0,0,0,0,0,0,0,0,0
NEFH|NEFH,0,0,0,0,0,0,0,0,0,7
GAL3ST1|GAL3ST1,0,0,0,0,0,0,0,0,0,0
SLC5A1|SLC5A1,0,0,0,0,0,0,0,0,0,0
MMP11|MMP11,0,15,0,0,0,0,0,0,7,0
MIR185|MIR185,0,0,0,0,0,0,0,0,0,0
MIR301B|MIR301B,0,0,0,0,0,0,0,0,0,0
MIR130B|MIR130B,0,0,0,0,0,0,0,0,0,0
LIPF|LIPF,0,0,0,0,0,0,0,2,0,0
CH25H|CH25H,0,0,0,0,0,2,0,0,0,93
KCNA1|KCNA1,0,0,0,0,0,0,0,9,0,0
KCNA5|KCNA5,0,0,0,0,0,3,0,1,0,0
MIR141|MIR141,0,0,0,0,0,0,0,0,0,0
TAS2R7|TAS2R7,0,0,0,0,0,0,0,0,0,0
TAS2R10|TAS2R10,0,0,0,0,0,0,0,0,0,0
CAFA-T2R12|CAFA-T2R12,0,0,0,0,0,0,0,0,0,0
CAFA-T2R43|CAFA-T2R43,0,0,0,0,0,0,0,0,0,0
GRIN2B|GRIN2B,0,18,31,0,17,2,0,0,10,4
IAPP|IAPP,0,0,0,0,0,0,0,0,0,0
PTHLH|PTHLH,0,10,0,0,6,0,8,12,0,91
COL2A1|COL2A1,0,3,0,0,0,0,0,0,0,0
LALBA|LALBA,0,0,0,0,0,0,0,0,0,0
AQP2|AQP2,0,0,0,0,5,0,0,0,0,0
KRT85|KRT85,0,0,0,0,0,0,0,0,0,0
KRT5|KRT5,0,0,0,0,0,0,0,0,0,0
KRT71|KRT71,0,0,0,0,0,0,0,0,0,0
KRT73|KRT73,0,0,0,0,0,2,0,0,0,16
KRT2|KRT2,0,0,0,0,0,0,0,0,0,0
KRT1|KRT1,0,0,0,0,0,4,0,0,0,0
KRT76|KRT76,0,0,0,0,0,0,0,0,5,0
KRT3|KRT3,0,0,0,0,0,0,0,0,0,0
KRT4|KRT4,0,0,0,0,0,0,0,0,0,0
KRT79|KRT79,0,0,0,0,0,0,0,0,0,0
KRT8|KRT8,0,0,0,0,0,0,0,0,0,0
HOTAIR|HOTAIR,0,0,0,0,0,0,0,0,0,0
MIR196A-2|MIR196A-2,0,0,0,0,2,0,0,0,0,0
MIR615|MIR615,0,0,0,0,0,0,0,0,0,0
PPP1R1A|PPP1R1A,0,0,0,0,0,0,0,0,0,0
OR9K2C|OR9K2C,0,0,0,0,0,0,0,0,0,0
OR6D7|OR6D7,0,0,0,0,0,0,0,0,0,0
MIR107|MIR107,0,0,0,0,0,0,0,0,0,0
MIR8815-1|MIR8815-1,0,0,0,0,0,0,0,0,0,0
MIR8815-2|MIR8815-2,0,0,0,0,0,0,0,0,0,0
FFAR4|FFAR4,0,0,0,0,0,0,0,7,0,0
PLCE1|PLCE1,0,74,0,35,50,13,0,14,48,0
MIR8816|MIR8816,0,0,0,0,0,1,0,0,0,0
PNLIPRP1|PNLIPRP1,0,0,0,0,0,0,0,0,0,0
MIR8817|MIR8817,0,0,0,0,0,0,0,0,0,0
MIR202|MIR202,0,0,0,0,0,1,0,0,0,0
CYP2E1|CYP2E1,0,0,0,0,0,0,0,0,0,0
OPRK1|OPRK1,0,0,0,0,0,0,0,0,0,0
RP1|RP1,0,0,0,0,0,3,0,0,0,0
C29H8orf34|C29H8orf34,0,0,0,0,0,0,0,0,0,0
MIR9-2|MIR9-2,0,0,0,0,0,0,0,0,0,0
MIR8901|MIR8901,0,0,0,0,0,0,0,0,0,0
OR6C1K|OR6C1K,0,0,0,0,0,1,0,6,0,0
MIR8799G|MIR8799G,0,0,0,0,0,0,0,0,0,0
MIR211|MIR211,0,0,0,0,0,0,0,0,0,0
ST8SIA2|ST8SIA2,0,0,0,0,0,2,0,0,0,0
MIR7-2|MIR7-2,0,0,0,0,0,0,0,0,0,0
MIR9-3|MIR9-3,0,0,0,0,0,0,0,0,0,0
MIR184|MIR184,0,0,0,0,0,0,0,0,0,0
MIR8900|MIR8900,0,0,0,0,0,0,0,0,0,0
MIR95|MIR95,0,0,0,1,1,0,0,0,0,0
HGFAC|HGFAC,0,0,0,0,0,0,0,0,0,25
MIR574|MIR574,0,0,1,0,1,1,0,0,0,0
CCKAR|CCKAR,0,0,0,0,0,0,0,0,0,0
MIR218-1|MIR218-1,0,0,0,0,0,0,0,0,0,0
TMED11|TMED11,0,0,0,0,0,0,0,0,0,0
MIR8792|MIR8792,0,0,0,0,0,1,0,0,0,5
MIR8864-2|MIR8864-2,0,0,0,0,0,0,0,0,0,0
DUOX1|DUOX1,0,0,0,0,0,0,0,7,0,0
CYP19A1|CYP19A1,0,0,0,0,0,0,0,0,0,0
ALDH1A2|ALDH1A2,0,0,0,0,0,0,0,4,0,627
MIR190A|MIR190A,0,0,0,0,0,0,0,0,0,0
CYP1A2|CYP1A2,0,0,0,0,0,0,0,0,0,0
MIR631|MIR631,0,2,2,2,1,1,0,15,2,2
MIR99A-1|MIR99A-1,0,0,4,0,0,0,0,0,0,0
MIRLET7C|MIRLET7C,0,0,0,0,0,0,0,0,0,0
MIR125B-2|MIR125B-2,0,0,0,0,0,0,0,0,0,0
MIR155|MIR155,0,2,2,0,1,0,2,1,0,50
C31H21orf62|C31H21orf62,0,0,3,0,0,0,11,0,0,2
MIR802|MIR802,0,0,0,0,0,0,0,0,0,0
TFF3|TFF3,0,0,0,0,0,0,0,0,0,0
TFF1|TFF1,0,0,0,0,0,0,0,0,0,0
CRYAA|CRYAA,0,0,0,0,0,0,0,0,0,0
ARSJ|ARSJ,0,0,0,0,0,0,0,0,0,0
TACR3|TACR3,0,0,0,0,0,0,0,0,0,0
BMPR1B|BMPR1B,0,0,0,0,0,0,0,0,0,7
MEPE|MEPE,0,0,0,0,0,0,0,0,0,4
FGF5|FGF5,0,0,0,0,0,0,0,0,0,0
ADCY5|ADCY5,0,0,0,0,0,5,0,0,14,8
MIR8789|MIR8789,0,0,0,2,0,0,0,1,0,0
TAS2R1|TAS2R1,0,0,0,0,0,0,0,2,0,0
ADIPOQ|ADIPOQ,0,0,0,0,0,0,0,0,0,0
SST|SST,0,0,0,0,0,0,0,0,0,0
MIR28|MIR28,0,0,0,0,2,0,0,0,0,0
MIR551B|MIR551B,0,0,0,0,0,0,0,0,0,0
PRL|PRL,0,0,0,0,0,0,0,0,0,0
GPX6|GPX6,0,0,0,0,0,0,0,0,0,0
GPX5|GPX5,0,0,0,0,0,0,0,0,0,0
MIR8797|MIR8797,0,0,0,0,0,0,0,0,0,0
GCG|GCG,0,0,0,0,0,0,0,0,0,0
GAD1|GAD1,0,0,0,0,0,0,0,0,0,0
MIR10B|MIR10B,0,0,0,0,0,0,0,0,0,0
MSTN|MSTN,0,0,0,0,0,0,0,0,0,0
CRYGD|CRYGD,0,0,0,0,0,0,0,0,0,0
CRYGC|CRYGC,0,0,0,0,0,0,0,0,0,0
CRYGB|CRYGB,0,0,0,0,0,0,0,0,0,0
CRYGA|CRYGA,0,0,0,0,0,0,0,0,0,0
MIR375|MIR375,0,0,0,0,0,0,0,0,0,0
MIR1840|MIR1840,0,0,0,0,0,0,0,0,0,0
SPEG|SPEG,0,0,0,0,0,9,0,0,0,0
SLC4A3|SLC4A3,0,0,0,0,0,0,0,2,0,0
OPTC|OPTC,0,0,0,0,0,0,0,0,0,0
REN|REN,0,0,0,0,0,0,0,0,0,0
MIR135B|MIR135B,0,0,0,0,0,0,0,0,0,0
MIR215|MIR215,0,1,0,2,1,0,0,6,0,0
MIR194|MIR194,0,2,0,0,2,0,2,13,2,0
CRP|CRP,0,3,0,0,0,0,0,0,0,0
OR6N2|OR6N2,0,0,0,0,0,0,0,0,0,2
OR6P1|OR6P1,0,0,0,0,0,0,0,0,0,0
OR10K2|OR10K2,0,0,0,0,0,0,0,0,0,0
KCNMA1|KCNMA1,0,0,0,0,0,0,0,0,0,3
MIR346|MIR346,0,0,0,0,0,1,0,0,0,0
MIR1271|MIR1271,0,0,1,0,0,0,0,0,0,2
MSX2|MSX2,0,0,0,0,0,0,0,0,0,0
NKX2-5|NKX2-5,0,7,0,0,18,0,0,0,3,0
KCNMB1|KCNMB1,0,6,0,0,0,0,0,0,0,0
MIR146A|MIR146A,0,2,0,0,2,0,0,0,1,7
MIR8902|MIR8902,0,0,0,0,0,0,0,0,0,0
ADRA1B|ADRA1B,0,0,0,0,0,0,0,0,0,0
MIR133C|MIR133C,0,0,0,0,0,0,0,0,0,0
ARSI|ARSI,0,0,0,0,0,4,0,0,0,130
PDGFRB|PDGFRB,0,0,0,0,0,0,0,0,0,15
PDE6A|PDE6A,0,0,0,0,4,0,0,0,11,0
MIR378|MIR378,0,0,0,0,0,0,0,0,1,0
MIR145|MIR145,0,0,0,0,0,0,0,0,0,0
MIR143|MIR143,0,0,0,0,0,0,0,0,0,0
CCL28|CCL28,0,0,0,0,0,0,0,0,0,0
B3GAT1|B3GAT1,0,0,0,0,0,0,0,8,0,0
MIR125B-1|MIR125B-1,0,0,0,0,0,0,0,0,0,0
SCN2B|SCN2B,0,2,0,0,0,0,0,0,0,55
FXYD2|FXYD2,0,0,0,0,5,0,0,0,0,0
APOC3|APOC3,0,0,0,0,0,0,0,0,0,0
HTR3A|HTR3A,0,0,0,0,0,0,0,0,0,0
DRD2|DRD2,0,0,0,0,0,0,0,0,0,0
MIR34C|MIR34C,0,0,0,0,0,0,0,0,0,0
MIR34B|MIR34B,0,0,0,0,0,0,0,0,0,0
MMP12|MMP12,0,36,0,0,0,0,0,23,0,164
MMP7|MMP7,0,0,0,0,0,0,0,0,0,0
MIR8870|MIR8870,0,0,0,0,0,0,0,0,0,0
MIR195|MIR195,0,0,5,0,0,0,0,0,0,0
MIR497|MIR497,0,0,0,0,1,0,0,0,0,0
SLC2A4|SLC2A4,0,21,14,2,0,0,0,0,3,0
MIR8867|MIR8867,0,2,0,0,0,1,0,4,0,0
GUCY2D|GUCY2D,0,0,0,0,0,0,0,0,0,0
RCVRN|RCVRN,0,0,0,0,0,2,0,0,0,0
MYH8|MYH8,0,0,0,0,0,0,0,0,0,0
MYH4|MYH4,0,0,0,0,0,0,0,6,0,0
MYH1|MYH1,0,0,0,0,0,0,0,0,0,0
MYH2|MYH2,0,0,0,0,0,0,0,0,0,0
MYH3|MYH3,0,0,0,0,0,2,0,0,0,0
ALDH3A1|ALDH3A1,0,0,0,0,22,0,0,0,0,50
MIR8869|MIR8869,0,0,0,0,0,0,3,1,0,0
SLC1A7|SLC1A7,0,0,0,0,0,0,0,0,0,0
MIR200B|MIR200B,0,0,0,0,0,0,0,0,0,0
MIR200A|MIR200A,0,0,0,0,0,0,0,0,0,0
MIR429|MIR429,0,0,0,0,0,0,0,0,0,0
MIR8866|MIR8866,0,0,0,0,0,0,0,0,0,0
MIR551A|MIR551A,0,0,0,0,0,0,0,0,0,0
MIR34A|MIR34A,0,0,0,0,0,0,0,0,0,1
LOC479649|LOC479649,0,0,0,0,0,0,0,0,0,0
CHST4|CHST4,0,0,0,0,0,0,0,0,0,0
HSF4|HSF4,0,22,0,0,21,0,0,19,0,0
CMTM1|CMTM1,0,0,0,0,0,0,0,0,0,0
MIR2387|MIR2387,0,0,0,2,0,0,0,0,0,0
CCL26|CCL26,0,0,0,0,0,0,0,0,0,0
CCL24|CCL24,0,0,0,0,0,0,0,0,0,0
ZP3|ZP3,0,0,0,0,0,0,0,0,0,0
EPO|EPO,0,0,0,0,0,0,0,0,0,0
MIR8873A|MIR8873A,0,0,0,0,0,0,0,0,0,0
PDGFA|PDGFA,0,35,69,0,0,0,0,0,4,0
CANFAMV1R559|CANFAMV1R559,0,0,0,0,0,0,0,0,0,0
CTF1|CTF1,0,0,0,0,0,0,0,0,0,0
UMOD|UMOD,0,0,0,0,0,0,0,0,0,0
GP2|GP2,0,0,0,0,0,0,0,8,0,0
MIR365-1|MIR365-1,0,3,0,0,0,0,0,0,0,0
MIR193B|MIR193B,0,0,1,0,0,0,0,0,0,0
MIR8874|MIR8874,0,0,0,0,0,0,0,0,0,0
PRM2|PRM2,0,0,0,0,0,0,0,0,0,0
TNP2|TNP2,0,0,0,0,0,0,0,0,0,0
SLC9A3R2|SLC9A3R2,0,19,0,8,15,0,0,9,0,0
LOC448801|LOC448801,0,0,0,32,0,2,0,44,8,0
SSTR5|SSTR5,0,0,0,0,0,1,0,0,0,4
PGB1|PGB1,0,0,0,0,0,0,0,0,0,0
MIR8799E-1|MIR8799E-1,0,0,0,0,0,0,0,0,0,0
MIR8799E-2|MIR8799E-2,0,0,0,0,0,0,0,0,0,0
OR11I1|OR11I1,0,0,0,0,0,1,0,5,0,0
KCNA2|KCNA2,0,5,4,9,10,2,5,0,3,0
MIR8880|MIR8880,0,0,0,0,0,1,0,0,2,0
MIR137|MIR137,0,0,0,0,0,0,0,0,0,0
F3|F3,0,0,0,0,6,0,0,0,0,26302
UOX|UOX,0,0,0,0,0,0,0,0,0,0
PTGFR|PTGFR,0,0,0,0,13,0,0,0,0,0
ADORA1|ADORA1,0,0,0,0,0,0,0,0,0,4
MGAT4F|MGAT4F,0,0,0,0,0,0,0,0,0,0
MIR181A-1|MIR181A-1,0,1,0,0,1,0,0,2,1,0
MIR205|MIR205,0,1,0,0,0,0,0,0,0,0
CE9|CE9,0,0,0,0,0,0,0,0,5,0
LAMC2|LAMC2,0,0,0,0,0,0,0,0,0,16
PDC|PDC,0,0,0,0,0,0,0,0,0,0
MIR488|MIR488,0,0,0,0,0,0,0,0,0,0
MIR199-2|MIR199-2,0,1,0,0,0,0,0,0,0,0
MIR214|MIR214,0,0,0,0,3,0,4,3,0,0
MYOC|MYOC,0,0,0,0,0,0,0,0,0,5
FMO1|FMO1,0,0,0,11,0,4,0,0,0,0
FMO3|FMO3,0,0,0,0,7,0,0,0,0,0
MIR7180|MIR7180,0,1,0,0,1,0,0,0,0,0
MIR8881|MIR8881,0,0,0,0,2,0,0,2,0,2
BCAN|BCAN,0,0,0,0,0,0,0,0,0,0
MIR9-1|MIR9-1,0,0,0,0,0,0,0,0,0,0
RHBG|RHBG,0,0,0,0,0,0,0,0,0,0
RAB25|RAB25,0,0,0,32,0,0,0,0,11,11
MIR92B|MIR92B,0,0,0,0,0,0,0,0,0,0
MUC1|MUC1,0,0,0,0,0,0,0,0,0,0
MIR190B|MIR190B,0,0,0,0,0,0,0,0,0,0
S100A2|S100A2,0,58,29,55,18,0,0,55,38,43
MIR187|MIR187,0,0,0,0,0,0,0,0,0,0
DSG3|DSG3,0,0,0,0,0,0,0,0,0,0
DSG1|DSG1,0,0,0,0,0,0,0,0,0,0
DSC1|DSC1,0,0,0,0,0,0,0,0,0,0
CLUL1|CLUL1,0,0,0,0,0,0,0,5,0,0
OR6AA6|OR6AA6,0,0,0,0,0,0,0,3,4,0
OR6C4|OR6C4,0,0,0,0,0,2,0,0,0,0
NKX2-1|NKX2-1,0,0,0,0,0,0,0,0,0,0
SSTR1|SSTR1,0,0,0,0,0,0,0,0,0,0
RTN1|RTN1,0,0,0,0,0,0,0,0,0,0
SIX1|SIX1,0,0,0,0,0,0,0,0,0,0
NGB|NGB,0,0,0,0,0,0,0,0,0,0
DIO2|DIO2,0,0,0,0,0,0,0,0,0,0
BDKRB1|BDKRB1,0,0,0,0,0,2,0,0,0,0
MIR342|MIR342,0,0,0,0,0,0,0,0,0,0
MIR345|MIR345,0,2,5,0,0,0,0,0,6,0
MIR493|MIR493,0,0,0,0,0,0,0,0,0,0
MIR665|MIR665,0,0,0,0,0,0,0,0,0,0
MIR433|MIR433,0,0,0,0,0,0,0,0,0,0
MIR127|MIR127,0,0,0,0,0,0,0,0,0,0
MIR432|MIR432,0,0,0,0,0,0,0,0,0,0
MIR136|MIR136,0,0,0,1,0,0,0,0,0,0
MIR370|MIR370,0,0,0,0,0,0,0,0,0,0
MIR379|MIR379,0,0,0,0,0,0,0,0,0,0
MIR411|MIR411,0,0,0,0,0,0,0,0,0,0
MIR299|MIR299,0,0,0,0,0,0,0,0,0,0
MIR380|MIR380,0,0,0,0,0,0,0,0,0,0
MIR323|MIR323,0,0,0,0,0,0,0,0,0,0
MIR758|MIR758,0,0,0,0,0,0,0,0,0,0
MIR329B|MIR329B,0,0,0,0,0,0,0,0,0,0
MIR329A|MIR329A,0,0,0,0,0,0,0,0,0,0
MIR494|MIR494,0,0,0,0,0,0,0,0,0,1
MIR543|MIR543,0,0,0,0,0,0,0,0,1,0
MIR495|MIR495,0,0,0,0,0,0,0,0,0,0
MIR3958|MIR3958,0,0,0,0,0,0,0,0,0,0
MIR376A-3|MIR376A-3,0,0,0,0,0,0,0,0,0,0
MIR376C|MIR376C,0,0,0,0,0,0,0,0,0,0
MIR376A-2|MIR376A-2,0,0,0,0,0,0,0,0,0,0
MIR376B|MIR376B,0,0,0,0,0,0,0,0,0,0
MIR376A-1|MIR376A-1,0,0,0,0,0,0,0,0,0,0
MIR300|MIR300,0,0,0,0,0,0,0,0,0,0
MIR1185|MIR1185,0,0,0,0,0,0,0,0,0,0
MIR381|MIR381,0,0,0,0,0,0,0,0,0,0
MIR487B|MIR487B,0,0,0,0,0,1,0,0,0,0
MIR539|MIR539,0,0,0,0,0,0,0,0,0,0
MIR889|MIR889,0,0,0,0,0,0,0,0,0,0
MIR544|MIR544,0,0,0,0,0,0,0,0,0,0
MIR487A|MIR487A,0,0,0,0,0,0,0,0,0,0
MIR382|MIR382,0,0,0,0,0,0,0,0,0,0
MIR134|MIR134,0,0,0,0,0,0,0,0,0,0
MIR485|MIR485,0,0,0,0,0,0,0,0,0,0
MIR496|MIR496,0,0,0,0,0,0,0,0,0,0
MIR377|MIR377,0,0,0,0,0,0,0,0,0,0
MIR409|MIR409,0,0,0,0,0,0,0,0,0,0
MIR369|MIR369,0,0,0,0,0,0,0,0,0,0
MIR410|MIR410,0,0,0,0,0,0,0,0,0,0
DIO3|DIO3,0,0,0,0,0,4,7,0,0,0
AMN|AMN,0,24,0,9,0,0,0,0,0,0
MIR203|MIR203,0,0,0,0,0,0,0,0,0,0
PDE6G|PDE6G,0,0,0,0,0,0,0,0,0,0
MIR338|MIR338,0,0,0,0,0,0,0,0,0,0
ST6GALNAC1|ST6GALNAC1,0,0,0,0,0,0,0,0,0,12
PRCD|PRCD,0,0,0,0,0,0,0,0,0,0
CYGB|CYGB,0,0,0,0,0,0,0,0,0,0
AANAT|AANAT,0,0,0,0,0,1,10,0,0,0
MIR8886|MIR8886,0,0,0,0,0,0,0,0,0,0
SOX9|SOX9,0,0,0,0,0,0,0,0,0,0
MAPT|MAPT,0,18,21,0,12,5,0,0,0,0
APOH|APOH,0,0,0,0,0,0,0,0,0,0
PPY|PPY,0,0,0,0,0,0,0,0,0,0
HCRT|HCRT,0,0,0,0,0,0,0,0,0,0
KRT14|KRT14,0,0,0,0,0,0,0,0,0,0
KRT19|KRT19,0,0,0,0,0,0,0,0,0,0
KRT15|KRT15,0,0,0,0,0,0,0,0,0,0
KRT13|KRT13,0,0,0,0,0,0,0,0,0,0
KRT33B|KRT33B,0,0,0,0,0,0,0,0,0,0
KRT33A|KRT33A,0,0,0,0,0,0,0,0,0,0
KRT40|KRT40,0,0,0,0,0,0,0,0,0,0
KRT23|KRT23,0,0,0,0,0,7,0,0,0,12
KRT28|KRT28,0,0,0,0,0,0,0,0,0,8
KRT27|KRT27,0,14,0,0,0,0,17,14,0,66
KRT26|KRT26,0,0,0,0,0,0,0,5,15,15
KRT25|KRT25,0,3,0,0,0,0,0,6,0,104
MIR8888|MIR8888,0,0,0,0,0,0,0,0,0,0
ERBB2|ERBB2,0,0,0,0,5,2,0,0,0,0
MIR152|MIR152,0,0,0,0,0,0,0,0,0,0
MIR10A|MIR10A,0,0,0,0,0,0,0,0,0,0
MIR196A-1|MIR196A-1,0,0,0,0,0,0,0,0,0,0
COL1A1|COL1A1,0,0,0,0,0,0,0,0,0,2
CCL1|CCL1,0,0,0,0,0,0,0,0,0,0
CCL13|CCL13,0,0,0,0,0,0,0,0,0,30
CCL8|CCL8,0,0,0,0,0,0,0,0,0,34137
CCL7|CCL7,0,0,0,0,0,0,0,0,0,5995
CCL2|CCL2,0,0,0,0,0,0,0,0,0,263841
SPACA3|SPACA3,0,0,0,0,0,0,0,0,0,0
MIR365-2|MIR365-2,0,1,0,0,0,0,0,0,0,0
MIR193A|MIR193A,0,0,0,0,0,0,0,0,0,0
MIR423A|MIR423A,0,0,0,0,0,0,0,0,3,0
MIR22|MIR22,0,2,6,7,0,0,7,3,4,24
MIR132|MIR132,0,0,0,0,0,0,0,0,0,0
MIR212|MIR212,0,0,0,0,0,0,0,0,0,0
OR1A1|OR1A1,0,0,0,0,0,0,0,0,0,0
OR1E2|OR1E2,0,0,0,0,0,1,0,0,0,0
MIR8889|MIR8889,0,0,0,0,0,0,0,0,0,0
GRIN1|GRIN1,0,0,0,0,0,0,0,0,0,0
PTGDS|PTGDS,0,0,0,0,0,0,0,0,0,0
MIR126|MIR126,0,1,0,0,0,0,0,0,0,0
LHX3|LHX3,0,0,0,0,0,0,0,0,0,0
CANF2|CANF2,0,0,0,0,0,0,0,0,0,0
OBP2B|OBP2B,0,0,0,0,0,0,0,0,0,0
DBH|DBH,0,0,0,0,0,0,0,0,0,0
MIR219-2|MIR219-2,0,0,0,0,1,0,0,0,0,0
MIR181B-2|MIR181B-2,0,2,0,0,4,0,0,1,2,0
SHOX|SHOX,0,0,0,0,0,0,0,0,0,0
ARSH|ARSH,0,0,0,0,0,0,0,0,0,0
OBP|OBP,0,0,0,0,0,0,0,0,0,0
MIR188|MIR188,0,1,0,2,0,0,0,0,1,0
MIR500|MIR500,0,1,0,0,0,0,0,0,0,0
MIR362|MIR362,0,0,0,3,2,0,0,0,0,0
MIR660|MIR660,0,0,0,0,0,0,0,0,1,0
MIR502|MIR502,0,0,0,0,0,1,0,0,0,0
MIR8791B|MIR8791B,0,0,0,0,0,0,0,0,0,0
MIR221|MIR221,0,0,0,1,0,0,0,0,0,115
MIR222|MIR222,0,0,0,0,0,0,0,2,0,75
MAGEB10|MAGEB10,0,0,0,0,0,0,0,0,0,0
MIR8834B|MIR8834B,0,0,0,0,0,0,0,0,0,0
MIR1468|MIR1468,0,0,0,0,0,0,0,0,0,0
MIR8904A|MIR8904A,0,4,0,0,0,0,0,0,0,0
EDA|EDA,0,6,0,3,5,2,0,0,3,2
MIR676|MIR676,0,0,0,0,0,0,0,0,0,0
MIR384|MIR384,0,0,0,0,0,0,0,0,0,0
MIR325|MIR325,0,0,0,0,0,0,0,0,0,0
MIR361|MIR361,0,0,0,0,0,0,0,0,0,0
PLP1|PLP1,0,0,0,0,0,0,0,0,0,0
CLDN2|CLDN2,0,0,0,0,0,0,0,0,0,4
MIR764|MIR764,0,0,0,0,0,0,0,0,0,0
MIR8904B|MIR8904B,0,1,0,0,0,0,0,0,0,0
MIR2483|MIR2483,0,0,0,0,0,0,0,0,0,0
MIR363|MIR363,0,0,0,0,0,0,0,0,0,0
MIR92A-2|MIR92A-2,0,0,0,0,0,0,0,0,0,0
MIR19B-2|MIR19B-2,0,0,0,0,0,0,0,0,0,0
MIR20B|MIR20B,0,0,0,0,0,0,0,0,3,0
MIR18B|MIR18B,0,0,0,0,0,0,0,0,0,0
MIR106A|MIR106A,0,0,0,0,0,0,0,0,0,1
MIR450B|MIR450B,0,0,2,0,1,0,0,0,0,0
MIR450A|MIR450A,0,0,0,0,0,0,0,0,0,0
MIR542|MIR542,0,0,0,0,0,0,0,0,0,0
MIR503|MIR503,0,0,0,0,0,0,0,0,0,0
MIR424|MIR424,0,0,0,0,0,0,0,0,0,0
PLAC1|PLAC1,0,0,0,0,3,0,19,7,4,12
MIR504|MIR504,0,0,0,0,0,0,0,0,0,0
F9|F9,0,0,0,0,0,0,0,0,0,0
MIR8908C|MIR8908C,0,0,0,0,0,0,0,0,0,0
MIR8908E|MIR8908E,0,0,0,0,0,0,0,0,0,0
MIR8908B|MIR8908B,0,0,0,0,0,0,0,0,0,0
MIR8908D-2|MIR8908D-2,0,0,0,0,0,0,0,0,0,0
MIR8908A-4|MIR8908A-4,0,0,0,0,0,0,0,0,0,0
MIR8908A-1|MIR8908A-1,0,0,0,0,0,0,0,2,0,0
MIR8908D-3|MIR8908D-3,0,0,0,0,0,0,0,0,0,0
MIR8908A-2|MIR8908A-2,0,0,0,0,0,0,0,0,0,0
MIR8908D-1|MIR8908D-1,0,0,0,0,0,0,0,0,0,0
MIR8908A-3|MIR8908A-3,0,0,0,0,0,0,0,0,0,0
MIR8908F|MIR8908F,0,0,0,0,0,0,0,0,0,0
MIR506|MIR506,0,0,0,0,0,0,0,0,0,0
MIR507A|MIR507A,0,0,0,0,0,0,0,0,0,0
MIR508A|MIR508A,0,0,0,0,0,0,0,0,0,0
MIR508B|MIR508B,0,0,0,0,0,0,0,0,0,0
MIR507B|MIR507B,0,0,0,0,0,0,0,0,0,0
MIR514|MIR514,0,0,0,0,0,0,0,0,0,0
MIR2114|MIR2114,0,0,0,0,0,0,0,0,0,0
MIR224|MIR224,0,0,0,0,0,0,0,0,0,0
MIR452|MIR452,0,0,0,0,0,0,0,0,0,0
MIR105A|MIR105A,0,0,0,0,0,0,0,0,0,0
MIR105B|MIR105B,0,0,0,0,0,0,0,0,0,0
BGN|BGN,0,0,0,0,0,0,0,0,0,0
MIR718|MIR718,0,0,0,0,0,0,0,0,0,0
OPN1LW|OPN1LW,0,0,0,0,0,0,0,0,0,0
